timestamp,pv1_watt,pv2_watt,ac_house_watt,battery_soc_percent,battery_power_watt,total_pv_wh_daily,pv1_temp_c,pv2_temp_c,inv_temp_c,grid_cons_watt,inv_to_plug_watt,permanent_watt,pv_to_inv_watt,pv1_volt,pv2_volt,inv_volt,bat_lower_limit,bat_upper_limit,wifi_rssi
2026-06-23T21:00:46,0.0,0.0,17.0,0.0,0.0,0.0,,,,,,,,,,,,,
2026-06-23T21:03:06,0.0,0.0,19.0,0.0,0.0,0.0,,,,,,,,,,,,,
2026-06-23T21:18:22,0.0,0.0,19.0,90.0,23.0,0.0,,,,,,,,,,,,,
2026-06-23T22:11:20,0.0,0.0,18.0,86.0,21.0,0.0,,,,,,,,,,,,,
2026-06-23T22:12:23,0.0,0.0,18.0,86.0,21.0,0.0,,,,,,,,,,,,,
2026-06-23T22:14:20,0.0,0.0,18.0,86.0,21.0,0.0,,,,,,,,,,,,,
2026-06-23T22:16:37,0.0,0.0,18.0,86.0,21.0,0.0,,,,,,,,,,,,,
2026-06-23T22:18:19,0.0,0.0,18.0,86.0,21.0,0.0,,,,,,,,,,,,,
2026-06-23T22:20:32,0.0,0.0,18.0,86.0,21.0,0.0,,,,,,,,,,,,,
2026-06-23T22:22:21,0.0,0.0,18.0,86.0,21.0,0.0,,,,,,,,,,,,,
2026-06-23T22:24:26,0.0,0.0,18.0,86.0,21.0,0.0,,,,,,,,,,,,,
2026-06-23T22:26:22,0.0,0.0,83.0,86.0,87.0,0.0,,,,,,,,,,,,,
2026-06-23T22:28:22,0.0,0.0,83.0,86.0,87.0,0.0,,,,,,,,,,,,,
2026-06-23T22:30:41,0.0,0.0,83.0,86.0,87.0,0.0,,,,,,,,,,,,,
2026-06-23T22:32:21,0.0,0.0,83.0,86.0,87.0,0.0,,,,,,,,,,,,,
2026-06-23T22:34:19,0.0,0.0,83.0,86.0,87.0,0.0,,,,,,,,,,,,,
2026-06-23T22:36:22,0.0,0.0,83.0,86.0,87.0,0.0,,,,,,,,,,,,,
2026-06-23T22:38:19,0.0,0.0,83.0,86.0,87.0,0.0,,,,,,,,,,,,,
2026-06-23T22:40:30,0.0,0.0,75.0,84.0,78.0,0.0,,,,,,,,,,,,,
2026-06-23T22:42:21,0.0,0.0,75.0,84.0,78.0,0.0,,,,,,,,,,,,,
2026-06-23T22:43:50,0.0,0.0,75.0,84.0,78.0,0.0,,,,,,,,,,,,,
2026-06-23T22:44:18,0.0,0.0,75.0,84.0,78.0,0.0,,,,,,,,,,,,,
2026-06-23T22:46:20,0.0,0.0,75.0,84.0,78.0,0.0,,,,,,,,,,,,,
2026-06-23T22:48:18,0.0,0.0,75.0,84.0,78.0,0.0,,,,,,,,,,,,,
2026-06-23T22:50:30,0.0,0.0,75.0,84.0,78.0,0.0,,,,,,,,,,,,,
2026-06-23T22:52:18,0.0,0.0,75.0,84.0,78.0,0.0,,,,,,,,,,,,,
2026-06-23T22:54:18,0.0,0.0,75.0,84.0,78.0,0.0,,,,,,,,,,,,,
2026-06-23T22:56:24,0.0,0.0,19.0,83.0,22.0,0.0,,,,,,,,,,,,,
2026-06-23T22:58:19,0.0,0.0,19.0,83.0,22.0,0.0,,,,,,,,,,,,,
2026-06-23T23:00:49,0.0,0.0,19.0,83.0,22.0,0.0,,,,,,,,,,,,,
2026-06-23T23:02:22,0.0,0.0,19.0,83.0,22.0,0.0,,,,,,,,,,,,,
2026-06-23T23:04:22,0.0,0.0,19.0,83.0,22.0,0.0,,,,,,,,,,,,,
2026-06-23T23:06:19,0.0,0.0,19.0,83.0,22.0,0.0,,,,,,,,,,,,,
2026-06-23T23:08:20,0.0,0.0,19.0,83.0,22.0,0.0,,,,,,,,,,,,,
2026-06-23T23:10:30,0.0,0.0,17.0,83.0,20.0,0.0,,,,,,,,,,,,,
2026-06-23T23:12:20,0.0,0.0,17.0,83.0,20.0,0.0,,,,,,,,,,,,,
2026-06-23T23:14:25,0.0,0.0,17.0,83.0,20.0,0.0,,,,,,,,,,,,,
2026-06-23T23:16:21,0.0,0.0,20.0,83.0,20.0,0.0,,,,,,,,,,,,,
2026-06-23T23:18:24,0.0,0.0,20.0,83.0,20.0,0.0,,,,,,,,,,,,,
2026-06-23T23:20:30,0.0,0.0,20.0,83.0,20.0,0.0,,,,,,,,,,,,,
2026-06-23T23:22:20,0.0,0.0,20.0,83.0,20.0,0.0,,,,,,,,,,,,,
2026-06-23T23:24:22,0.0,0.0,20.0,83.0,20.0,0.0,,,,,,,,,,,,,
2026-06-23T23:26:20,0.0,0.0,20.0,83.0,20.0,0.0,,,,,,,,,,,,,
2026-06-23T23:28:16,0.0,0.0,20.0,83.0,20.0,0.0,,,,,,,,,,,,,
2026-06-23T23:30:41,0.0,0.0,77.0,82.0,82.0,0.0,,,,,,,,,,,,,
2026-06-23T23:32:22,0.0,0.0,77.0,82.0,82.0,0.0,,,,,,,,,,,,,
2026-06-23T23:34:20,0.0,0.0,77.0,82.0,82.0,0.0,,,,,,,,,,,,,
2026-06-23T23:36:17,0.0,0.0,77.0,82.0,82.0,0.0,,,,,,,,,,,,,
2026-06-23T23:38:22,0.0,0.0,77.0,82.0,82.0,0.0,,,,,,,,,,,,,
2026-06-23T23:40:32,0.0,0.0,77.0,82.0,82.0,0.0,,,,,,,,,,,,,
2026-06-23T23:42:20,0.0,0.0,77.0,82.0,82.0,0.0,,,,,,,,,,,,,
2026-06-23T23:43:39,0.0,0.0,77.0,82.0,82.0,0.0,,,,,,,,,,,,,
2026-06-23T23:44:20,0.0,0.0,77.0,82.0,82.0,0.0,,,,,,,,,,,,,
2026-06-23T23:46:21,0.0,0.0,18.0,80.0,23.0,0.0,,,,,,,,,,,,,
2026-06-23T23:50:28,0.0,0.0,18.0,80.0,23.0,0.0,,,,,,,,,,,,,
2026-06-23T23:52:20,0.0,0.0,18.0,80.0,23.0,0.0,,,,,,,,,,,,,
2026-06-23T23:54:20,0.0,0.0,18.0,80.0,23.0,0.0,,,,,,,,,,,,,
2026-06-23T23:56:19,0.0,0.0,18.0,80.0,23.0,0.0,,,,,,,,,,,,,
2026-06-23T23:58:17,0.0,0.0,18.0,80.0,23.0,0.0,,,,,,,,,,,,,
2026-06-24T00:00:53,0.0,0.0,17.0,80.0,20.0,0.0,,,,,,,,,,,,,
2026-06-24T00:02:20,0.0,0.0,17.0,80.0,20.0,0.0,,,,,,,,,,,,,
2026-06-24T00:04:22,0.0,0.0,17.0,80.0,20.0,0.0,,,,,,,,,,,,,
2026-06-24T00:06:18,0.0,0.0,17.0,80.0,20.0,0.0,,,,,,,,,,,,,
2026-06-24T00:08:19,0.0,0.0,17.0,80.0,20.0,0.0,,,,,,,,,,,,,
2026-06-24T00:10:33,0.0,0.0,17.0,80.0,20.0,0.0,,,,,,,,,,,,,
2026-06-24T00:12:21,0.0,0.0,17.0,80.0,20.0,0.0,,,,,,,,,,,,,
2026-06-24T00:14:21,0.0,0.0,17.0,80.0,20.0,0.0,,,,,,,,,,,,,
2026-06-24T00:16:18,0.0,0.0,17.0,79.0,22.0,0.0,,,,,,,,,,,,,
2026-06-24T00:18:23,0.0,0.0,17.0,79.0,22.0,0.0,,,,,,,,,,,,,
2026-06-24T00:20:33,0.0,0.0,17.0,79.0,22.0,0.0,,,,,,,,,,,,,
2026-06-24T00:22:20,0.0,0.0,17.0,79.0,22.0,0.0,,,,,,,,,,,,,
2026-06-24T00:24:19,0.0,0.0,17.0,79.0,22.0,0.0,,,,,,,,,,,,,
2026-06-24T00:26:18,0.0,0.0,17.0,79.0,22.0,0.0,,,,,,,,,,,,,
2026-06-24T00:28:21,0.0,0.0,17.0,79.0,22.0,0.0,,,,,,,,,,,,,
2026-06-24T00:30:42,0.0,0.0,76.0,78.0,79.0,0.0,,,,,,,,,,,,,
2026-06-24T00:32:19,0.0,0.0,76.0,78.0,79.0,0.0,,,,,,,,,,,,,
2026-06-24T00:34:20,0.0,0.0,76.0,78.0,79.0,0.0,,,,,,,,,,,,,
2026-06-24T00:36:19,0.0,0.0,76.0,78.0,79.0,0.0,,,,,,,,,,,,,
2026-06-24T00:38:20,0.0,0.0,76.0,78.0,79.0,0.0,,,,,,,,,,,,,
2026-06-24T00:40:31,0.0,0.0,76.0,78.0,79.0,0.0,,,,,,,,,,,,,
2026-06-24T00:42:20,0.0,0.0,76.0,78.0,79.0,0.0,,,,,,,,,,,,,
2026-06-24T00:44:19,0.0,0.0,76.0,78.0,79.0,0.0,,,,,,,,,,,,,
2026-06-24T00:46:23,0.0,0.0,19.0,77.0,22.0,0.0,,,,,,,,,,,,,
2026-06-24T00:48:18,0.0,0.0,19.0,77.0,22.0,0.0,,,,,,,,,,,,,
2026-06-24T00:50:33,0.0,0.0,19.0,77.0,22.0,0.0,,,,,,,,,,,,,
2026-06-24T00:52:20,0.0,0.0,19.0,77.0,22.0,0.0,,,,,,,,,,,,,
2026-06-24T00:54:21,0.0,0.0,19.0,77.0,22.0,0.0,,,,,,,,,,,,,
2026-06-24T00:56:19,0.0,0.0,19.0,77.0,22.0,0.0,,,,,,,,,,,,,
2026-06-24T00:58:19,0.0,0.0,19.0,77.0,22.0,0.0,,,,,,,,,,,,,
2026-06-24T01:00:48,0.0,0.0,19.0,76.0,25.0,0.0,,,,,,,,,,,,,
2026-06-24T01:02:24,0.0,0.0,19.0,76.0,25.0,0.0,,,,,,,,,,,,,
2026-06-24T01:04:19,0.0,0.0,19.0,76.0,25.0,0.0,,,,,,,,,,,,,
2026-06-24T01:06:21,0.0,0.0,19.0,76.0,25.0,0.0,,,,,,,,,,,,,
2026-06-24T01:08:17,0.0,0.0,19.0,76.0,25.0,0.0,,,,,,,,,,,,,
2026-06-24T01:10:31,0.0,0.0,19.0,76.0,25.0,0.0,,,,,,,,,,,,,
2026-06-24T01:12:20,0.0,0.0,19.0,76.0,25.0,0.0,,,,,,,,,,,,,
2026-06-24T01:14:20,0.0,0.0,19.0,76.0,25.0,0.0,,,,,,,,,,,,,
2026-06-24T01:16:19,0.0,0.0,19.0,76.0,21.0,0.0,,,,,,,,,,,,,
2026-06-24T01:18:19,0.0,0.0,19.0,76.0,21.0,0.0,,,,,,,,,,,,,
2026-06-24T01:20:32,0.0,0.0,19.0,76.0,21.0,0.0,,,,,,,,,,,,,
2026-06-24T01:22:26,0.0,0.0,19.0,76.0,21.0,0.0,,,,,,,,,,,,,
2026-06-24T01:24:20,0.0,0.0,19.0,76.0,21.0,0.0,,,,,,,,,,,,,
2026-06-24T01:26:21,0.0,0.0,19.0,76.0,21.0,0.0,,,,,,,,,,,,,
2026-06-24T01:28:22,0.0,0.0,19.0,76.0,21.0,0.0,,,,,,,,,,,,,
2026-06-24T01:30:39,0.0,0.0,75.0,74.0,81.0,0.0,,,,,,,,,,,,,
2026-06-24T01:32:19,0.0,0.0,75.0,74.0,81.0,0.0,,,,,,,,,,,,,
2026-06-24T01:34:18,0.0,0.0,75.0,74.0,81.0,0.0,,,,,,,,,,,,,
2026-06-24T01:36:22,0.0,0.0,75.0,74.0,81.0,0.0,,,,,,,,,,,,,
2026-06-24T01:38:21,0.0,0.0,75.0,74.0,81.0,0.0,,,,,,,,,,,,,
2026-06-24T01:40:33,0.0,0.0,75.0,74.0,81.0,0.0,,,,,,,,,,,,,
2026-06-24T01:42:23,0.0,0.0,75.0,74.0,81.0,0.0,,,,,,,,,,,,,
2026-06-24T01:44:18,0.0,0.0,75.0,74.0,81.0,0.0,,,,,,,,,,,,,
2026-06-24T01:46:25,0.0,0.0,19.0,74.0,24.0,0.0,,,,,,,,,,,,,
2026-06-24T01:48:20,0.0,0.0,19.0,74.0,24.0,0.0,,,,,,,,,,,,,
2026-06-24T01:48:44,0.0,0.0,19.0,74.0,24.0,0.0,,,,,,,,,,,,,
2026-06-24T01:50:29,0.0,0.0,19.0,74.0,24.0,0.0,,,,,,,,,,,,,
2026-06-24T01:52:18,0.0,0.0,19.0,74.0,24.0,0.0,,,,,,,,,,,,,
2026-06-24T01:54:20,0.0,0.0,19.0,74.0,24.0,0.0,,,,,,,,,,,,,
2026-06-24T01:56:18,0.0,0.0,19.0,74.0,24.0,0.0,,,,,,,,,,,,,
2026-06-24T01:58:20,0.0,0.0,19.0,74.0,24.0,0.0,,,,,,,,,,,,,
2026-06-24T02:00:46,0.0,0.0,19.0,73.0,23.0,0.0,,,,,,,,,,,,,
2026-06-24T02:02:20,0.0,0.0,19.0,73.0,23.0,0.0,,,,,,,,,,,,,
2026-06-24T02:04:19,0.0,0.0,19.0,73.0,23.0,0.0,,,,,,,,,,,,,
2026-06-24T02:06:20,0.0,0.0,19.0,73.0,23.0,0.0,,,,,,,,,,,,,
2026-06-24T02:08:23,0.0,0.0,19.0,73.0,23.0,0.0,,,,,,,,,,,,,
2026-06-24T02:10:29,0.0,0.0,19.0,73.0,23.0,0.0,,,,,,,,,,,,,
2026-06-24T02:12:30,0.0,0.0,19.0,73.0,23.0,0.0,,,,,,,,,,,,,
2026-06-24T02:14:19,0.0,0.0,19.0,73.0,23.0,0.0,,,,,,,,,,,,,
2026-06-24T02:16:21,0.0,0.0,83.0,72.0,87.0,0.0,,,,,,,,,,,,,
2026-06-24T02:18:18,0.0,0.0,83.0,72.0,87.0,0.0,,,,,,,,,,,,,
2026-06-24T02:20:31,0.0,0.0,83.0,72.0,87.0,0.0,,,,,,,,,,,,,
2026-06-24T02:22:21,0.0,0.0,83.0,72.0,87.0,0.0,,,,,,,,,,,,,
2026-06-24T02:24:20,0.0,0.0,83.0,72.0,87.0,0.0,,,,,,,,,,,,,
2026-06-24T02:26:19,0.0,0.0,83.0,72.0,87.0,0.0,,,,,,,,,,,,,
2026-06-24T02:28:21,0.0,0.0,83.0,72.0,87.0,0.0,,,,,,,,,,,,,
2026-06-24T02:30:40,0.0,0.0,75.0,71.0,81.0,0.0,,,,,,,,,,,,,
2026-06-24T02:32:24,0.0,0.0,75.0,71.0,81.0,0.0,,,,,,,,,,,,,
2026-06-24T02:34:19,0.0,0.0,75.0,71.0,81.0,0.0,,,,,,,,,,,,,
2026-06-24T02:36:21,0.0,0.0,75.0,71.0,81.0,0.0,,,,,,,,,,,,,
2026-06-24T02:38:19,0.0,0.0,75.0,71.0,81.0,0.0,,,,,,,,,,,,,
2026-06-24T02:40:39,0.0,0.0,75.0,71.0,81.0,0.0,,,,,,,,,,,,,
2026-06-24T02:42:19,0.0,0.0,75.0,71.0,81.0,0.0,,,,,,,,,,,,,
2026-06-24T02:44:19,0.0,0.0,75.0,71.0,81.0,0.0,,,,,,,,,,,,,
2026-06-24T02:46:25,0.0,0.0,20.0,70.0,21.0,0.0,,,,,,,,,,,,,
2026-06-24T02:48:18,0.0,0.0,20.0,70.0,21.0,0.0,,,,,,,,,,,,,
2026-06-24T02:50:29,0.0,0.0,20.0,70.0,21.0,0.0,,,,,,,,,,,,,
2026-06-24T02:52:20,0.0,0.0,20.0,70.0,21.0,0.0,,,,,,,,,,,,,
2026-06-24T02:54:18,0.0,0.0,20.0,70.0,21.0,0.0,,,,,,,,,,,,,
2026-06-24T02:56:25,0.0,0.0,20.0,70.0,21.0,0.0,,,,,,,,,,,,,
2026-06-24T02:58:18,0.0,0.0,20.0,70.0,21.0,0.0,,,,,,,,,,,,,
2026-06-24T03:00:46,0.0,0.0,19.0,70.0,23.0,0.0,,,,,,,,,,,,,
2026-06-24T03:02:19,0.0,0.0,19.0,70.0,23.0,0.0,,,,,,,,,,,,,
2026-06-24T03:04:19,0.0,0.0,19.0,70.0,23.0,0.0,,,,,,,,,,,,,
2026-06-24T03:06:20,0.0,0.0,19.0,70.0,23.0,0.0,,,,,,,,,,,,,
2026-06-24T03:08:21,0.0,0.0,19.0,70.0,23.0,0.0,,,,,,,,,,,,,
2026-06-24T03:10:32,0.0,0.0,19.0,70.0,23.0,0.0,,,,,,,,,,,,,
2026-06-24T03:12:20,0.0,0.0,19.0,70.0,23.0,0.0,,,,,,,,,,,,,
2026-06-24T03:14:19,0.0,0.0,19.0,70.0,23.0,0.0,,,,,,,,,,,,,
2026-06-24T03:16:20,0.0,0.0,80.0,69.0,86.0,0.0,,,,,,,,,,,,,
2026-06-24T03:18:20,0.0,0.0,80.0,69.0,86.0,0.0,,,,,,,,,,,,,
2026-06-24T03:20:32,0.0,0.0,80.0,69.0,86.0,0.0,,,,,,,,,,,,,
2026-06-24T03:22:21,0.0,0.0,80.0,69.0,86.0,0.0,,,,,,,,,,,,,
2026-06-24T03:24:19,0.0,0.0,80.0,69.0,86.0,0.0,,,,,,,,,,,,,
2026-06-24T03:26:18,0.0,0.0,80.0,69.0,86.0,0.0,,,,,,,,,,,,,
2026-06-24T03:28:18,0.0,0.0,80.0,69.0,86.0,0.0,,,,,,,,,,,,,
2026-06-24T03:30:36,0.0,0.0,19.0,67.0,23.0,0.0,,,,,,,,,,,,,
2026-06-24T03:32:23,0.0,0.0,19.0,67.0,23.0,0.0,,,,,,,,,,,,,
2026-06-24T03:34:21,0.0,0.0,19.0,67.0,23.0,0.0,,,,,,,,,,,,,
2026-06-24T03:36:19,0.0,0.0,19.0,67.0,23.0,0.0,,,,,,,,,,,,,
2026-06-24T03:38:20,0.0,0.0,19.0,67.0,23.0,0.0,,,,,,,,,,,,,
2026-06-24T03:40:31,0.0,0.0,19.0,67.0,23.0,0.0,,,,,,,,,,,,,
2026-06-24T03:42:20,0.0,0.0,19.0,67.0,23.0,0.0,,,,,,,,,,,,,
2026-06-24T03:44:18,0.0,0.0,19.0,67.0,23.0,0.0,,,,,,,,,,,,,
2026-06-24T03:46:19,0.0,0.0,21.0,67.0,22.0,0.0,,,,,,,,,,,,,
2026-06-24T03:48:20,0.0,0.0,21.0,67.0,22.0,0.0,,,,,,,,,,,,,
2026-06-24T03:50:30,0.0,0.0,21.0,67.0,22.0,0.0,,,,,,,,,,,,,
2026-06-24T03:52:17,0.0,0.0,21.0,67.0,22.0,0.0,,,,,,,,,,,,,
2026-06-24T03:54:25,0.0,0.0,21.0,67.0,22.0,0.0,,,,,,,,,,,,,
2026-06-24T03:56:20,0.0,0.0,21.0,67.0,22.0,0.0,,,,,,,,,,,,,
2026-06-24T03:58:22,0.0,0.0,21.0,67.0,22.0,0.0,,,,,,,,,,,,,
2026-06-24T04:00:47,0.0,0.0,19.0,66.0,23.0,0.0,,,,,,,,,,,,,
2026-06-24T04:02:21,0.0,0.0,19.0,66.0,23.0,0.0,,,,,,,,,,,,,
2026-06-24T04:04:21,0.0,0.0,19.0,66.0,23.0,0.0,,,,,,,,,,,,,
2026-06-24T04:06:23,0.0,0.0,19.0,66.0,23.0,0.0,,,,,,,,,,,,,
2026-06-24T04:08:21,0.0,0.0,19.0,66.0,23.0,0.0,,,,,,,,,,,,,
2026-06-24T04:10:33,0.0,0.0,19.0,66.0,23.0,0.0,,,,,,,,,,,,,
2026-06-24T04:12:23,0.0,0.0,19.0,66.0,23.0,0.0,,,,,,,,,,,,,
2026-06-24T04:14:20,0.0,0.0,19.0,66.0,23.0,0.0,,,,,,,,,,,,,
2026-06-24T04:16:18,0.0,0.0,77.0,65.0,84.0,0.0,,,,,,,,,,,,,
2026-06-24T04:18:18,0.0,0.0,77.0,65.0,84.0,0.0,,,,,,,,,,,,,
2026-06-24T04:20:36,0.0,0.0,77.0,65.0,84.0,0.0,,,,,,,,,,,,,
2026-06-24T04:22:20,0.0,0.0,77.0,65.0,84.0,0.0,,,,,,,,,,,,,
2026-06-24T04:24:22,0.0,0.0,77.0,65.0,84.0,0.0,,,,,,,,,,,,,
2026-06-24T04:26:20,0.0,0.0,77.0,65.0,84.0,0.0,,,,,,,,,,,,,
2026-06-24T04:28:22,0.0,0.0,77.0,65.0,84.0,0.0,,,,,,,,,,,,,
2026-06-24T04:30:42,0.0,0.0,18.0,64.0,23.0,0.0,,,,,,,,,,,,,
2026-06-24T04:32:24,0.0,0.0,18.0,64.0,23.0,0.0,,,,,,,,,,,,,
2026-06-24T04:34:23,0.0,0.0,18.0,64.0,23.0,0.0,,,,,,,,,,,,,
2026-06-24T04:36:23,0.0,0.0,18.0,64.0,23.0,0.0,,,,,,,,,,,,,
2026-06-24T04:38:20,0.0,0.0,18.0,64.0,23.0,0.0,,,,,,,,,,,,,
2026-06-24T04:40:34,0.0,0.0,18.0,64.0,23.0,0.0,,,,,,,,,,,,,
2026-06-24T04:42:21,0.0,0.0,18.0,64.0,23.0,0.0,,,,,,,,,,,,,
2026-06-24T04:44:19,0.0,0.0,18.0,64.0,23.0,0.0,,,,,,,,,,,,,
2026-06-24T04:46:19,8.0,11.0,19.0,64.0,0.0,0.0,,,,,,,,,,,,,
2026-06-24T04:48:19,8.0,11.0,19.0,64.0,0.0,0.32,,,,,,,,,,,,,
2026-06-24T04:50:33,8.0,11.0,19.0,64.0,0.0,0.63,,,,,,,,,,,,,
2026-06-24T04:52:19,8.0,11.0,19.0,64.0,0.0,0.95,,,,,,,,,,,,,
2026-06-24T04:54:20,8.0,11.0,19.0,64.0,0.0,1.27,,,,,,,,,,,,,
2026-06-24T04:56:21,8.0,11.0,19.0,64.0,0.0,1.58,,,,,,,,,,,,,
2026-06-24T04:58:20,8.0,11.0,19.0,64.0,0.0,1.9,,,,,,,,,,,,,
2026-06-24T05:00:44,12.0,13.0,17.0,64.0,-8.0,2.22,,,,,,,,,,,,,
2026-06-24T05:02:21,12.0,13.0,17.0,64.0,-8.0,2.63,,,,,,,,,,,,,
2026-06-24T05:04:18,12.0,13.0,17.0,64.0,-8.0,3.05,,,,,,,,,,,,,
2026-06-24T05:06:21,12.0,13.0,17.0,64.0,-8.0,3.47,,,,,,,,,,,,,
2026-06-24T05:08:18,12.0,13.0,17.0,64.0,-8.0,3.88,,,,,,,,,,,,,
2026-06-24T05:10:35,12.0,13.0,17.0,64.0,-8.0,4.3,,,,,,,,,,,,,
2026-06-24T05:12:19,12.0,13.0,17.0,64.0,-8.0,4.72,,,,,,,,,,,,,
2026-06-24T05:14:24,12.0,13.0,17.0,64.0,-8.0,5.13,,,,,,,,,,,,,
2026-06-24T05:16:19,17.0,16.0,78.0,63.0,45.0,5.55,,,,,,,,,,,,,
2026-06-24T05:18:21,17.0,16.0,78.0,63.0,45.0,6.1,,,,,,,,,,,,,
2026-06-24T05:20:33,17.0,16.0,78.0,63.0,45.0,6.65,,,,,,,,,,,,,
2026-06-24T05:22:21,17.0,16.0,78.0,63.0,45.0,7.2,,,,,,,,,,,,,
2026-06-24T05:24:26,17.0,16.0,78.0,63.0,45.0,7.75,,,,,,,,,,,,,
2026-06-24T05:26:22,17.0,16.0,78.0,63.0,45.0,8.3,,,,,,,,,,,,,
2026-06-24T05:28:22,17.0,16.0,78.0,63.0,45.0,8.85,,,,,,,,,,,,,
2026-06-24T05:30:41,17.0,16.0,78.0,63.0,45.0,9.4,,,,,,,,,,,,,
2026-06-24T05:32:21,15.0,17.0,18.0,62.0,-14.0,9.95,,,,,,,,,,,,,
2026-06-24T05:34:24,15.0,17.0,18.0,62.0,-14.0,10.48,,,,,,,,,,,,,
2026-06-24T05:36:19,15.0,17.0,18.0,62.0,-14.0,11.02,,,,,,,,,,,,,
2026-06-24T05:38:21,15.0,17.0,18.0,62.0,-14.0,11.55,,,,,,,,,,,,,
2026-06-24T05:40:36,15.0,17.0,18.0,62.0,-14.0,12.08,,,,,,,,,,,,,
2026-06-24T05:42:22,15.0,17.0,18.0,62.0,-14.0,12.62,,,,,,,,,,,,,
2026-06-24T05:44:23,15.0,17.0,18.0,62.0,-14.0,13.15,,,,,,,,,,,,,
2026-06-24T05:46:18,17.0,20.0,18.0,62.0,-19.0,13.68,,,,,,,,,,,,,
2026-06-24T05:48:19,17.0,20.0,18.0,62.0,-19.0,14.3,,,,,,,,,,,,,
2026-06-24T05:50:31,17.0,20.0,18.0,62.0,-19.0,14.92,,,,,,,,,,,,,
2026-06-24T05:52:20,17.0,20.0,18.0,62.0,-19.0,15.53,,,,,,,,,,,,,
2026-06-24T05:54:21,17.0,20.0,18.0,62.0,-19.0,16.15,,,,,,,,,,,,,
2026-06-24T05:56:19,17.0,20.0,18.0,62.0,-19.0,16.77,,,,,,,,,,,,,
2026-06-24T05:58:20,17.0,20.0,18.0,62.0,-19.0,17.38,,,,,,,,,,,,,
2026-06-24T05:59:13,17.0,20.0,18.0,62.0,-19.0,18.0,,,,,,,,,,,,,
2026-06-24T06:00:52,20.0,20.0,19.0,62.0,-21.0,18.62,,,,,,,,,,,,,
2026-06-24T06:02:20,20.0,20.0,19.0,62.0,-21.0,19.28,,,,,,,,,,,,,
2026-06-24T06:04:24,20.0,20.0,19.0,62.0,-21.0,19.95,,,,,,,,,,,,,
2026-06-24T06:06:21,20.0,20.0,19.0,62.0,-21.0,20.62,,,,,,,,,,,,,
2026-06-24T06:08:19,20.0,20.0,19.0,62.0,-21.0,21.28,,,,,,,,,,,,,
2026-06-24T06:10:32,20.0,20.0,19.0,62.0,-21.0,21.95,,,,,,,,,,,,,
2026-06-24T06:12:20,20.0,20.0,19.0,62.0,-21.0,22.62,,,,,,,,,,,,,
2026-06-24T06:14:23,20.0,20.0,19.0,62.0,-21.0,23.28,,,,,,,,,,,,,
2026-06-24T06:16:21,20.0,23.0,77.0,62.0,34.0,23.95,,,,,,,,,,,,,
2026-06-24T06:18:24,20.0,23.0,77.0,62.0,34.0,24.67,,,,,,,,,,,,,
2026-06-24T06:20:30,20.0,23.0,77.0,62.0,34.0,25.38,,,,,,,,,,,,,
2026-06-24T06:22:23,20.0,23.0,77.0,62.0,34.0,26.1,,,,,,,,,,,,,
2026-06-24T06:24:21,20.0,23.0,77.0,62.0,34.0,26.82,,,,,,,,,,,,,
2026-06-24T06:26:21,20.0,23.0,77.0,62.0,34.0,27.53,,,,,,,,,,,,,
2026-06-24T06:28:19,20.0,23.0,77.0,62.0,34.0,28.25,,,,,,,,,,,,,
2026-06-24T06:30:39,20.0,23.0,77.0,62.0,34.0,28.97,,,,,,,,,,,,,
2026-06-24T06:32:18,23.0,24.0,20.0,61.0,-27.0,29.68,,,,,,,,,,,,,
2026-06-24T06:34:19,23.0,24.0,20.0,61.0,-27.0,30.47,,,,,,,,,,,,,
2026-06-24T06:36:21,23.0,24.0,20.0,61.0,-27.0,31.25,,,,,,,,,,,,,
2026-06-24T06:38:21,23.0,24.0,20.0,61.0,-27.0,32.03,,,,,,,,,,,,,
2026-06-24T06:40:35,23.0,24.0,20.0,61.0,-27.0,32.82,,,,,,,,,,,,,
2026-06-24T06:42:22,23.0,24.0,20.0,61.0,-27.0,33.6,,,,,,,,,,,,,
2026-06-24T06:44:19,23.0,24.0,20.0,61.0,-27.0,34.38,,,,,,,,,,,,,
2026-06-24T06:46:23,23.0,26.0,19.0,61.0,-30.0,35.17,,,,,,,,,,,,,
2026-06-24T06:48:28,23.0,26.0,19.0,61.0,-30.0,35.98,,,,,,,,,,,,,
2026-06-24T06:50:31,23.0,26.0,19.0,61.0,-30.0,36.8,,,,,,,,,,,,,
2026-06-24T06:52:20,23.0,26.0,19.0,61.0,-30.0,37.62,,,,,,,,,,,,,
2026-06-24T06:54:24,23.0,26.0,19.0,61.0,-30.0,38.43,,,,,,,,,,,,,
2026-06-24T06:56:24,23.0,26.0,19.0,61.0,-30.0,39.25,,,,,,,,,,,,,
2026-06-24T06:58:23,23.0,26.0,19.0,61.0,-30.0,40.07,,,,,,,,,,,,,
2026-06-24T07:00:54,23.0,26.0,19.0,61.0,-30.0,40.88,,,,,,,,,,,,,
2026-06-24T07:02:22,26.0,26.0,84.0,61.0,32.0,41.7,,,,,,,,,,,,,
2026-06-24T07:04:21,26.0,26.0,84.0,61.0,32.0,42.57,,,,,,,,,,,,,
2026-06-24T07:06:21,26.0,26.0,84.0,61.0,32.0,43.43,,,,,,,,,,,,,
2026-06-24T07:08:21,26.0,26.0,84.0,61.0,32.0,44.3,,,,,,,,,,,,,
2026-06-24T07:10:32,26.0,26.0,84.0,61.0,32.0,45.17,,,,,,,,,,,,,
2026-06-24T07:12:19,26.0,26.0,84.0,61.0,32.0,46.03,,,,,,,,,,,,,
2026-06-24T07:14:22,23.0,27.0,78.0,61.0,28.0,46.9,,,,,,,,,,,,,
2026-06-24T07:16:23,23.0,27.0,78.0,61.0,28.0,47.73,,,,,,,,,,,,,
2026-06-24T07:18:18,23.0,27.0,78.0,61.0,28.0,48.57,,,,,,,,,,,,,
2026-06-24T07:20:35,23.0,27.0,78.0,61.0,28.0,49.4,,,,,,,,,,,,,
2026-06-24T07:22:18,23.0,27.0,78.0,61.0,28.0,50.23,,,,,,,,,,,,,
2026-06-24T07:24:21,23.0,27.0,78.0,61.0,28.0,51.07,,,,,,,,,,,,,
2026-06-24T07:26:20,23.0,27.0,78.0,61.0,28.0,51.9,,,,,,,,,,,,,
2026-06-24T07:28:21,23.0,27.0,78.0,61.0,28.0,52.73,,,,,,,,,,,,,
2026-06-24T07:30:44,20.0,25.0,20.0,60.0,-25.0,53.57,,,,,,,,,,,,,
2026-06-24T07:32:18,20.0,25.0,20.0,60.0,-25.0,54.32,,,,,,,,,,,,,
2026-06-24T07:34:23,20.0,25.0,20.0,60.0,-25.0,55.07,,,,,,,,,,,,,
2026-06-24T07:36:21,20.0,25.0,20.0,60.0,-25.0,55.82,,,,,,,,,,,,,
2026-06-24T07:38:23,20.0,25.0,20.0,60.0,-25.0,56.57,49.0,48.0,49.0,0.0,10.0,10.0,45.0,28.3,28.7,236.6,20.0,100.0,-54.0
2026-06-24T07:40:33,26.0,27.0,20.0,60.0,-33.0,57.32,49.0,48.0,49.0,0.0,10.0,10.0,53.0,28.9,28.2,236.4,20.0,100.0,-54.0
2026-06-24T07:42:20,23.0,25.0,19.0,60.0,-29.0,58.2,49.0,48.0,49.0,0.0,9.0,10.0,48.0,28.3,28.8,237.8,20.0,100.0,-54.0
2026-06-24T07:44:19,23.0,25.0,19.0,60.0,-29.0,59.0,49.0,48.0,49.0,0.0,9.0,10.0,48.0,28.3,28.8,237.8,20.0,100.0,-54.0
2026-06-24T07:46:19,23.0,25.0,19.0,60.0,-29.0,59.8,49.0,48.0,49.0,0.0,9.0,10.0,48.0,28.3,28.8,237.8,20.0,100.0,-54.0
2026-06-24T07:48:24,23.0,25.0,19.0,60.0,-29.0,60.6,49.0,48.0,49.0,0.0,9.0,10.0,48.0,28.3,28.8,237.8,20.0,100.0,-54.0
2026-06-24T07:50:31,23.0,25.0,19.0,60.0,-29.0,61.4,49.0,48.0,49.0,0.0,9.0,10.0,48.0,28.3,28.8,237.8,20.0,100.0,-54.0
2026-06-24T07:52:23,23.0,25.0,19.0,60.0,-29.0,62.2,49.0,48.0,49.0,0.0,9.0,10.0,48.0,28.3,28.8,237.8,20.0,100.0,-54.0
2026-06-24T07:56:20,23.0,25.0,19.0,60.0,-29.0,63.0,49.0,48.0,49.0,0.0,9.0,10.0,48.0,28.3,28.8,237.8,20.0,100.0,-54.0
2026-06-24T07:58:19,23.0,25.0,79.0,60.0,31.0,63.8,49.0,48.0,49.0,0.0,69.0,10.0,48.0,28.3,28.8,236.7,20.0,100.0,-54.0
2026-06-24T08:00:50,23.0,25.0,79.0,60.0,31.0,64.6,49.0,48.0,49.0,0.0,69.0,10.0,48.0,28.3,28.8,236.7,20.0,100.0,-54.0
2026-06-24T08:02:25,23.0,25.0,79.0,60.0,31.0,65.4,49.0,48.0,49.0,0.0,69.0,10.0,48.0,28.3,28.8,236.7,20.0,100.0,-54.0
2026-06-24T08:04:26,23.0,25.0,79.0,60.0,31.0,66.2,49.0,48.0,49.0,0.0,69.0,10.0,48.0,28.3,28.8,236.7,20.0,100.0,-54.0
2026-06-24T08:06:21,23.0,25.0,79.0,60.0,31.0,67.0,49.0,48.0,49.0,0.0,69.0,10.0,48.0,28.3,28.8,236.7,20.0,100.0,-54.0
2026-06-24T08:08:23,23.0,25.0,79.0,60.0,31.0,67.8,49.0,48.0,49.0,0.0,69.0,10.0,48.0,28.3,28.8,236.7,20.0,100.0,-54.0
2026-06-24T08:10:32,23.0,25.0,79.0,60.0,31.0,68.6,49.0,48.0,49.0,0.0,69.0,10.0,48.0,28.3,28.8,236.7,20.0,100.0,-54.0
2026-06-24T08:12:21,26.0,27.0,77.0,60.0,24.0,69.4,49.0,48.0,49.0,0.0,67.0,10.0,53.0,28.3,28.0,238.4,20.0,100.0,-54.0
2026-06-24T08:14:19,26.0,27.0,77.0,60.0,24.0,70.28,49.0,48.0,49.0,0.0,67.0,10.0,53.0,28.3,28.0,238.4,20.0,100.0,-54.0
2026-06-24T08:16:23,26.0,27.0,77.0,60.0,24.0,71.17,49.0,48.0,49.0,0.0,67.0,10.0,53.0,28.3,28.0,238.4,20.0,100.0,-54.0
2026-06-24T08:18:20,26.0,27.0,77.0,60.0,24.0,72.05,49.0,48.0,49.0,0.0,67.0,10.0,53.0,28.3,28.0,238.4,20.0,100.0,-54.0
2026-06-24T08:22:23,26.0,27.0,77.0,60.0,24.0,72.93,49.0,48.0,49.0,0.0,67.0,10.0,53.0,28.3,28.0,238.4,20.0,100.0,-54.0
2026-06-24T08:24:22,26.0,27.0,77.0,60.0,24.0,73.82,49.0,48.0,49.0,0.0,67.0,10.0,53.0,28.3,28.0,238.4,20.0,100.0,-54.0
2026-06-24T08:26:22,26.0,27.0,77.0,60.0,24.0,74.7,49.0,48.0,49.0,0.0,67.0,10.0,53.0,28.3,28.0,238.4,20.0,100.0,-54.0
2026-06-24T08:28:20,25.0,29.0,19.0,59.0,-35.0,75.58,49.0,48.0,49.0,0.0,9.0,10.0,54.0,28.3,28.0,237.4,20.0,100.0,-54.0
2026-06-24T08:32:25,25.0,29.0,19.0,59.0,-35.0,76.48,49.0,48.0,49.0,0.0,9.0,10.0,54.0,28.3,28.0,237.4,20.0,100.0,-54.0
2026-06-24T08:34:19,25.0,29.0,19.0,59.0,-35.0,77.38,49.0,48.0,49.0,0.0,9.0,10.0,54.0,28.3,28.0,237.4,20.0,100.0,-54.0
2026-06-24T08:36:20,25.0,29.0,19.0,59.0,-35.0,78.28,49.0,48.0,49.0,0.0,9.0,10.0,54.0,28.3,28.0,237.4,20.0,100.0,-54.0
2026-06-24T08:38:23,25.0,29.0,19.0,59.0,-35.0,79.18,49.0,48.0,49.0,0.0,9.0,10.0,54.0,28.3,28.0,237.4,20.0,100.0,-54.0
2026-06-24T08:40:34,25.0,29.0,19.0,59.0,-35.0,80.08,49.0,48.0,49.0,0.0,9.0,10.0,54.0,28.3,28.0,237.4,20.0,100.0,-54.0
2026-06-24T08:42:19,25.0,25.0,18.0,59.0,-32.0,80.98,49.0,48.0,49.0,0.0,8.0,10.0,50.0,28.3,28.0,238.1,20.0,100.0,-54.0
2026-06-24T08:44:19,25.0,25.0,18.0,59.0,-32.0,81.82,49.0,48.0,49.0,0.0,8.0,10.0,50.0,28.3,28.0,238.1,20.0,100.0,-54.0
2026-06-24T08:46:24,25.0,25.0,18.0,59.0,-32.0,82.65,49.0,48.0,49.0,0.0,8.0,10.0,50.0,28.3,28.0,238.1,20.0,100.0,-54.0
2026-06-24T08:48:21,25.0,25.0,18.0,59.0,-32.0,83.48,49.0,48.0,49.0,0.0,8.0,10.0,50.0,28.3,28.0,238.1,20.0,100.0,-54.0
2026-06-24T08:50:31,25.0,25.0,18.0,59.0,-32.0,84.32,49.0,48.0,49.0,0.0,8.0,10.0,50.0,28.3,28.0,238.1,20.0,100.0,-54.0
2026-06-24T08:52:26,25.0,25.0,18.0,59.0,-32.0,85.15,49.0,48.0,49.0,0.0,8.0,10.0,50.0,28.3,28.0,238.1,20.0,100.0,-54.0
2026-06-24T08:54:20,25.0,25.0,18.0,59.0,-32.0,85.98,49.0,48.0,49.0,0.0,8.0,10.0,50.0,28.3,28.0,238.1,20.0,100.0,-54.0
2026-06-24T08:56:23,25.0,25.0,18.0,59.0,-32.0,86.82,49.0,48.0,49.0,0.0,8.0,10.0,50.0,28.3,28.0,238.1,20.0,100.0,-54.0
2026-06-24T08:58:23,23.0,27.0,82.0,59.0,32.0,87.65,49.0,48.0,49.0,0.0,72.0,10.0,50.0,28.3,28.0,236.2,20.0,100.0,-54.0
2026-06-24T09:00:46,23.0,27.0,82.0,59.0,32.0,88.48,49.0,48.0,49.0,0.0,72.0,10.0,50.0,28.3,28.0,236.2,20.0,100.0,-54.0
2026-06-24T09:02:26,23.0,27.0,82.0,59.0,32.0,89.32,49.0,48.0,49.0,0.0,72.0,10.0,50.0,28.3,28.0,236.2,20.0,100.0,-54.0
2026-06-24T09:04:22,23.0,27.0,82.0,59.0,32.0,90.15,49.0,48.0,49.0,0.0,72.0,10.0,50.0,28.3,28.0,236.2,20.0,100.0,-54.0
2026-06-24T09:06:20,23.0,27.0,82.0,59.0,32.0,90.98,49.0,48.0,49.0,0.0,72.0,10.0,50.0,28.3,28.0,236.2,20.0,100.0,-54.0
2026-06-24T09:08:22,23.0,27.0,82.0,59.0,32.0,91.82,49.0,48.0,49.0,0.0,72.0,10.0,50.0,28.3,28.0,236.2,20.0,100.0,-54.0
2026-06-24T09:10:32,23.0,27.0,82.0,59.0,32.0,92.65,49.0,48.0,49.0,0.0,72.0,10.0,50.0,28.3,28.0,236.2,20.0,100.0,-54.0
2026-06-24T09:12:23,26.0,27.0,76.0,59.0,23.0,93.48,49.0,48.0,49.0,0.0,66.0,10.0,53.0,28.3,28.8,238.7,20.0,100.0,-54.0
2026-06-24T09:14:20,26.0,27.0,76.0,59.0,23.0,94.37,49.0,48.0,49.0,0.0,66.0,10.0,53.0,28.3,28.8,238.7,20.0,100.0,-54.0
2026-06-24T09:16:20,26.0,27.0,76.0,59.0,23.0,95.25,49.0,48.0,49.0,0.0,66.0,10.0,53.0,28.3,28.8,238.7,20.0,100.0,-54.0
2026-06-24T09:18:22,26.0,27.0,76.0,59.0,23.0,96.13,49.0,48.0,49.0,0.0,66.0,10.0,53.0,28.3,28.8,238.7,20.0,100.0,-54.0
2026-06-24T09:20:33,26.0,27.0,76.0,59.0,23.0,97.02,49.0,48.0,49.0,0.0,66.0,10.0,53.0,28.3,28.8,238.7,20.0,100.0,-54.0
2026-06-24T09:22:21,26.0,27.0,76.0,59.0,23.0,97.9,49.0,48.0,49.0,0.0,66.0,10.0,53.0,28.3,28.8,238.7,20.0,100.0,-54.0
2026-06-24T09:24:21,26.0,27.0,76.0,59.0,23.0,98.78,49.0,48.0,49.0,0.0,66.0,10.0,53.0,28.3,28.8,238.7,20.0,100.0,-54.0
2026-06-24T09:26:22,26.0,27.0,76.0,59.0,23.0,99.67,49.0,48.0,49.0,0.0,66.0,10.0,53.0,28.3,28.8,238.7,20.0,100.0,-54.0
2026-06-24T09:28:21,25.0,27.0,18.0,58.0,-34.0,100.55,49.0,48.0,49.0,0.0,8.0,10.0,52.0,28.3,28.8,238.0,20.0,100.0,-54.0
2026-06-24T09:30:41,25.0,27.0,18.0,58.0,-34.0,101.42,49.0,48.0,49.0,0.0,8.0,10.0,52.0,28.3,28.8,238.0,20.0,100.0,-54.0
2026-06-24T09:32:24,25.0,27.0,18.0,58.0,-34.0,102.28,49.0,48.0,49.0,0.0,8.0,10.0,52.0,28.3,28.8,238.0,20.0,100.0,-54.0
2026-06-24T09:34:20,25.0,27.0,18.0,58.0,-34.0,103.15,49.0,48.0,49.0,0.0,8.0,10.0,52.0,28.3,28.8,238.0,20.0,100.0,-54.0
2026-06-24T09:36:20,25.0,27.0,18.0,58.0,-34.0,104.02,49.0,48.0,49.0,0.0,8.0,10.0,52.0,28.3,28.8,238.0,20.0,100.0,-54.0
2026-06-24T09:38:23,25.0,27.0,18.0,58.0,-34.0,104.88,49.0,48.0,49.0,0.0,8.0,10.0,52.0,28.3,28.8,238.0,20.0,100.0,-54.0
2026-06-24T09:40:32,25.0,27.0,18.0,58.0,-34.0,105.75,49.0,48.0,49.0,0.0,8.0,10.0,52.0,28.3,28.8,238.0,20.0,100.0,-54.0
2026-06-24T09:42:21,25.0,27.0,18.0,58.0,-34.0,106.62,49.0,48.0,49.0,0.0,8.0,10.0,52.0,27.3,28.8,237.4,20.0,100.0,-54.0
2026-06-24T09:44:19,25.0,27.0,18.0,58.0,-34.0,107.48,49.0,48.0,49.0,0.0,8.0,10.0,52.0,27.3,28.8,237.4,20.0,100.0,-54.0
2026-06-24T09:46:19,25.0,27.0,18.0,58.0,-34.0,108.35,49.0,48.0,49.0,0.0,8.0,10.0,52.0,27.3,28.8,237.4,20.0,100.0,-54.0
2026-06-24T09:48:20,25.0,27.0,18.0,58.0,-34.0,109.22,49.0,48.0,49.0,0.0,8.0,10.0,52.0,27.3,28.8,237.4,20.0,100.0,-54.0
2026-06-24T09:48:52,25.0,27.0,18.0,58.0,-34.0,110.08,49.0,48.0,49.0,0.0,8.0,10.0,52.0,27.3,28.8,237.4,20.0,100.0,-54.0
2026-06-24T09:50:36,25.0,27.0,18.0,58.0,-34.0,110.95,49.0,48.0,49.0,0.0,8.0,10.0,52.0,27.3,28.8,237.4,20.0,100.0,-54.0
2026-06-24T09:52:19,25.0,27.0,18.0,58.0,-34.0,111.82,49.0,48.0,49.0,0.0,8.0,10.0,52.0,27.3,28.8,237.4,20.0,100.0,-54.0
2026-06-24T09:54:19,25.0,27.0,18.0,58.0,-34.0,112.68,49.0,48.0,49.0,0.0,8.0,10.0,52.0,27.3,28.8,237.4,20.0,100.0,-54.0
2026-06-24T09:56:21,25.0,27.0,18.0,58.0,-34.0,113.55,49.0,48.0,49.0,0.0,8.0,10.0,52.0,27.3,28.8,237.4,20.0,100.0,-54.0
2026-06-24T09:58:22,26.0,30.0,78.0,58.0,22.0,114.42,49.0,48.0,49.0,0.0,68.0,10.0,56.0,28.5,28.0,237.4,20.0,100.0,-54.0
2026-06-24T10:00:49,26.0,30.0,78.0,58.0,22.0,115.35,49.0,48.0,49.0,0.0,68.0,10.0,56.0,28.5,28.0,237.4,20.0,100.0,-54.0
2026-06-24T10:02:20,26.0,30.0,78.0,58.0,22.0,116.28,49.0,48.0,49.0,0.0,68.0,10.0,56.0,28.5,28.0,237.4,20.0,100.0,-54.0
2026-06-24T10:04:22,26.0,30.0,78.0,58.0,22.0,117.22,49.0,48.0,49.0,0.0,68.0,10.0,56.0,28.5,28.0,237.4,20.0,100.0,-54.0
2026-06-24T10:06:24,25.0,31.0,76.0,58.0,20.0,118.15,49.0,48.0,49.0,0.0,66.0,10.0,56.0,27.9,27.7,236.6,20.0,100.0,-54.0
2026-06-24T10:08:21,25.0,29.0,75.0,58.0,21.0,119.08,49.0,48.0,49.0,0.0,65.0,10.0,54.0,28.4,28.3,236.6,20.0,100.0,-54.0
2026-06-24T10:10:34,25.0,29.0,75.0,58.0,21.0,119.98,49.0,48.0,49.0,0.0,65.0,10.0,54.0,28.4,28.3,236.6,20.0,100.0,-54.0
2026-06-24T10:12:20,25.0,29.0,75.0,58.0,21.0,120.88,49.0,48.0,49.0,0.0,65.0,10.0,54.0,28.4,28.3,236.6,20.0,100.0,-54.0
2026-06-24T10:14:21,25.0,29.0,75.0,58.0,21.0,121.78,49.0,48.0,49.0,0.0,65.0,10.0,54.0,28.4,28.3,236.6,20.0,100.0,-54.0
2026-06-24T10:16:18,25.0,29.0,75.0,58.0,21.0,122.68,49.0,48.0,49.0,0.0,65.0,10.0,54.0,28.4,28.3,236.6,20.0,100.0,-54.0
2026-06-24T10:18:20,25.0,29.0,75.0,58.0,21.0,123.58,49.0,48.0,49.0,0.0,65.0,10.0,54.0,28.4,28.3,236.6,20.0,100.0,-54.0
2026-06-24T10:20:31,25.0,29.0,75.0,58.0,21.0,124.48,49.0,48.0,49.0,0.0,65.0,10.0,54.0,28.4,28.3,236.6,20.0,100.0,-54.0
2026-06-24T10:22:20,28.0,30.0,17.0,58.0,-41.0,125.38,49.0,48.0,49.0,0.0,7.0,10.0,58.0,28.4,28.3,236.6,20.0,100.0,-54.0
2026-06-24T10:24:21,29.0,30.0,19.0,58.0,-40.0,126.35,49.0,48.0,49.0,0.0,9.0,10.0,59.0,28.4,28.4,236.0,20.0,100.0,-54.0
2026-06-24T10:26:21,28.0,31.0,17.0,58.0,-42.0,127.33,49.0,48.0,49.0,0.0,7.0,10.0,59.0,28.4,28.4,236.0,20.0,100.0,-54.0
2026-06-24T10:28:21,28.0,31.0,17.0,58.0,-42.0,128.32,49.0,48.0,49.0,0.0,7.0,10.0,59.0,28.4,28.4,236.0,20.0,100.0,-54.0
2026-06-24T10:30:40,28.0,31.0,17.0,58.0,-42.0,129.3,49.0,48.0,49.0,0.0,7.0,10.0,59.0,28.4,28.4,236.0,20.0,100.0,-54.0
2026-06-24T10:32:19,28.0,31.0,17.0,58.0,-42.0,130.28,49.0,48.0,49.0,0.0,7.0,10.0,59.0,28.4,28.4,236.0,20.0,100.0,-54.0
2026-06-24T10:34:20,28.0,31.0,17.0,58.0,-42.0,131.27,49.0,48.0,49.0,0.0,7.0,10.0,59.0,28.4,28.4,236.0,20.0,100.0,-54.0
2026-06-24T10:36:21,28.0,31.0,17.0,58.0,-42.0,132.25,49.0,48.0,49.0,0.0,7.0,10.0,59.0,28.4,28.4,236.0,20.0,100.0,-54.0
2026-06-24T10:38:22,28.0,31.0,17.0,58.0,-42.0,133.23,49.0,48.0,49.0,0.0,7.0,10.0,59.0,28.4,28.4,236.0,20.0,100.0,-54.0
2026-06-24T10:40:34,28.0,34.0,22.0,58.0,-40.0,134.22,49.0,48.0,49.0,0.0,12.0,10.0,62.0,28.4,28.4,235.3,20.0,100.0,-54.0
2026-06-24T10:42:21,29.0,28.0,18.0,58.0,-39.0,135.25,49.0,48.0,49.0,0.0,8.0,10.0,57.0,28.8,27.9,235.7,20.0,100.0,-54.0
2026-06-24T10:44:23,28.0,30.0,19.0,58.0,-39.0,136.2,49.0,48.0,49.0,0.0,9.0,10.0,58.0,28.3,28.0,235.1,20.0,100.0,-54.0
2026-06-24T10:46:20,28.0,30.0,19.0,58.0,-39.0,137.17,49.0,48.0,49.0,0.0,9.0,10.0,58.0,28.3,28.0,235.1,20.0,100.0,-54.0
2026-06-24T10:48:22,28.0,30.0,19.0,58.0,-39.0,138.13,49.0,48.0,49.0,0.0,9.0,10.0,58.0,28.3,28.0,235.1,20.0,100.0,-54.0
2026-06-24T10:50:32,28.0,30.0,19.0,58.0,-39.0,139.1,49.0,48.0,49.0,0.0,9.0,10.0,58.0,28.3,28.0,235.1,20.0,100.0,-54.0
2026-06-24T10:52:19,28.0,30.0,19.0,58.0,-39.0,140.07,49.0,48.0,49.0,0.0,9.0,10.0,58.0,28.3,28.0,235.1,20.0,100.0,-54.0
2026-06-24T10:54:21,28.0,30.0,19.0,58.0,-39.0,141.03,49.0,48.0,49.0,0.0,9.0,10.0,58.0,28.3,28.0,235.1,20.0,100.0,-54.0
2026-06-24T10:56:19,28.0,30.0,19.0,58.0,-39.0,142.0,49.0,48.0,49.0,0.0,9.0,10.0,58.0,28.3,28.0,235.1,20.0,100.0,-54.0
2026-06-24T10:58:18,35.0,41.0,80.0,58.0,4.0,142.97,49.0,48.0,49.0,0.0,70.0,10.0,76.0,31.4,31.1,236.3,20.0,100.0,-54.0
2026-06-24T11:00:50,35.0,41.0,80.0,58.0,4.0,144.23,49.0,48.0,49.0,0.0,70.0,10.0,76.0,31.4,31.1,236.3,20.0,100.0,-54.0
2026-06-24T11:02:19,35.0,41.0,80.0,58.0,4.0,145.5,49.0,48.0,49.0,0.0,70.0,10.0,76.0,31.4,31.1,236.3,20.0,100.0,-54.0
2026-06-24T11:04:22,35.0,41.0,80.0,58.0,4.0,146.77,49.0,48.0,49.0,0.0,70.0,10.0,76.0,31.4,31.1,236.3,20.0,100.0,-54.0
2026-06-24T11:06:22,35.0,41.0,80.0,58.0,4.0,148.03,49.0,48.0,49.0,0.0,70.0,10.0,76.0,31.4,31.1,236.3,20.0,100.0,-54.0
2026-06-24T11:08:18,35.0,41.0,80.0,58.0,4.0,149.3,49.0,48.0,49.0,0.0,70.0,10.0,76.0,31.4,31.1,236.3,20.0,100.0,-54.0
2026-06-24T11:10:34,35.0,41.0,80.0,58.0,4.0,150.57,49.0,48.0,49.0,0.0,70.0,10.0,76.0,31.4,31.1,236.3,20.0,100.0,-54.0
2026-06-24T11:12:21,35.0,41.0,80.0,58.0,4.0,151.83,49.0,48.0,49.0,0.0,70.0,10.0,76.0,31.4,31.1,236.3,20.0,100.0,-54.0
2026-06-24T11:14:19,106.0,115.0,18.0,60.0,-203.0,153.1,50.0,52.0,50.0,0.0,8.0,10.0,221.0,28.7,28.6,236.3,20.0,100.0,-54.0
2026-06-24T11:16:21,106.0,115.0,18.0,60.0,-203.0,156.78,50.0,52.0,50.0,0.0,8.0,10.0,221.0,28.7,28.6,236.3,20.0,100.0,-54.0
2026-06-24T11:18:20,106.0,115.0,18.0,60.0,-203.0,160.47,50.0,52.0,50.0,0.0,8.0,10.0,221.0,28.7,28.6,236.3,20.0,100.0,-54.0
2026-06-24T11:20:37,106.0,115.0,18.0,60.0,-203.0,164.15,50.0,52.0,50.0,0.0,8.0,10.0,221.0,28.7,28.6,236.3,20.0,100.0,-54.0
2026-06-24T11:22:20,106.0,115.0,18.0,60.0,-203.0,167.83,50.0,52.0,50.0,0.0,8.0,10.0,221.0,28.7,28.6,236.3,20.0,100.0,-54.0
2026-06-24T11:24:20,106.0,115.0,18.0,60.0,-203.0,171.52,50.0,52.0,50.0,0.0,8.0,10.0,221.0,28.7,28.6,236.3,20.0,100.0,-54.0
2026-06-24T11:28:21,127.0,135.0,18.0,63.0,-244.0,175.2,50.0,53.0,50.0,0.0,8.0,10.0,262.0,28.7,28.6,235.7,20.0,100.0,-54.0
2026-06-24T11:30:46,127.0,135.0,18.0,63.0,-244.0,179.57,50.0,53.0,50.0,0.0,8.0,10.0,262.0,28.7,28.6,235.7,20.0,100.0,-54.0
2026-06-24T11:32:19,127.0,135.0,18.0,63.0,-244.0,183.93,50.0,53.0,50.0,0.0,8.0,10.0,262.0,28.7,28.6,235.7,20.0,100.0,-54.0
2026-06-24T11:34:21,127.0,135.0,18.0,63.0,-244.0,188.3,50.0,53.0,50.0,0.0,8.0,10.0,262.0,28.7,28.6,235.7,20.0,100.0,-54.0
2026-06-24T11:36:20,127.0,135.0,18.0,63.0,-244.0,192.67,50.0,53.0,50.0,0.0,8.0,10.0,262.0,28.7,28.6,235.7,20.0,100.0,-54.0
2026-06-24T11:38:22,127.0,135.0,18.0,63.0,-244.0,197.03,50.0,53.0,50.0,0.0,8.0,10.0,262.0,28.7,28.6,235.7,20.0,100.0,-54.0
2026-06-24T11:40:33,127.0,135.0,18.0,63.0,-244.0,201.4,50.0,53.0,50.0,0.0,8.0,10.0,262.0,28.7,28.6,235.7,20.0,100.0,-54.0
2026-06-24T11:42:20,127.0,135.0,18.0,63.0,-244.0,205.77,50.0,53.0,50.0,0.0,8.0,10.0,262.0,28.7,28.6,235.7,20.0,100.0,-54.0
2026-06-24T11:44:22,145.0,145.0,17.0,67.0,-273.0,210.13,51.0,55.0,51.0,0.0,7.0,10.0,290.0,28.7,27.8,235.7,20.0,100.0,-54.0
2026-06-24T11:46:22,145.0,145.0,17.0,67.0,-273.0,214.97,51.0,55.0,51.0,0.0,7.0,10.0,290.0,28.7,27.8,235.7,20.0,100.0,-54.0
2026-06-24T11:48:20,145.0,145.0,17.0,67.0,-273.0,219.8,51.0,55.0,51.0,0.0,7.0,10.0,290.0,28.7,27.8,235.7,20.0,100.0,-54.0
2026-06-24T11:50:31,145.0,145.0,17.0,67.0,-273.0,224.63,51.0,55.0,51.0,0.0,7.0,10.0,290.0,28.7,27.8,235.7,20.0,100.0,-54.0
2026-06-24T11:52:22,145.0,145.0,17.0,67.0,-273.0,229.47,51.0,55.0,51.0,0.0,7.0,10.0,290.0,28.7,27.8,235.7,20.0,100.0,-54.0
2026-06-24T11:54:20,145.0,145.0,17.0,67.0,-273.0,234.3,51.0,55.0,51.0,0.0,7.0,10.0,290.0,28.7,27.8,235.7,20.0,100.0,-54.0
2026-06-24T11:58:21,160.0,169.0,78.0,71.0,-251.0,239.13,48.0,53.0,48.0,0.0,68.0,10.0,329.0,28.7,27.8,238.8,20.0,100.0,-54.0
2026-06-24T12:00:52,160.0,169.0,78.0,71.0,-251.0,244.62,48.0,53.0,48.0,0.0,68.0,10.0,329.0,28.7,27.8,238.8,20.0,100.0,-54.0
2026-06-24T12:02:21,160.0,169.0,78.0,71.0,-251.0,250.1,48.0,53.0,48.0,0.0,68.0,10.0,329.0,28.7,27.8,238.8,20.0,100.0,-54.0
2026-06-24T12:04:20,160.0,169.0,78.0,71.0,-251.0,255.58,48.0,53.0,48.0,0.0,68.0,10.0,329.0,28.7,27.8,238.8,20.0,100.0,-54.0
2026-06-24T14:06:24+02:00,160.0,169.0,78.0,71.0,-251.0,261.07,48.0,53.0,48.0,0.0,68.0,10.0,329.0,28.7,27.8,238.8,20.0,100.0,-54.0
2026-06-24T14:08:21+02:00,160.0,169.0,78.0,71.0,-251.0,266.55,48.0,53.0,48.0,0.0,68.0,10.0,329.0,28.7,27.8,238.8,20.0,100.0,-54.0
2026-06-24T14:10:39+02:00,165.0,170.0,74.0,73.0,-261.0,272.03,50.0,55.0,50.0,0.0,64.0,10.0,335.0,28.0,27.8,238.8,20.0,100.0,-54.0
2026-06-24T14:12:24+02:00,165.0,170.0,74.0,73.0,-261.0,277.62,50.0,55.0,50.0,0.0,64.0,10.0,335.0,28.0,27.8,238.8,20.0,100.0,-54.0
2026-06-24T14:14:14+02:00,165.0,170.0,74.0,73.0,-261.0,283.2,50.0,55.0,50.0,0.0,64.0,10.0,335.0,28.0,27.8,238.8,20.0,100.0,-54.0
2026-06-24T14:16:20+02:00,165.0,170.0,74.0,73.0,-261.0,288.78,50.0,55.0,50.0,0.0,64.0,10.0,335.0,28.0,27.8,238.8,20.0,100.0,-54.0
2026-06-24T14:18:23+02:00,165.0,170.0,74.0,73.0,-261.0,294.37,50.0,55.0,50.0,0.0,64.0,10.0,335.0,28.0,27.8,238.8,20.0,100.0,-54.0
2026-06-24T14:20:32+02:00,165.0,170.0,74.0,73.0,-261.0,299.95,50.0,55.0,50.0,0.0,64.0,10.0,335.0,28.0,27.8,238.8,20.0,100.0,-54.0
2026-06-24T14:22:25+02:00,165.0,170.0,74.0,73.0,-261.0,305.53,50.0,55.0,50.0,0.0,64.0,10.0,335.0,28.0,27.8,238.8,20.0,100.0,-54.0
2026-06-24T14:24:24+02:00,192.0,197.0,23.0,79.0,-366.0,311.12,52.0,57.0,52.0,-6.0,7.0,10.0,389.0,28.0,27.8,238.8,20.0,100.0,-54.0
2026-06-24T14:26:20+02:00,192.0,197.0,23.0,79.0,-366.0,317.6,52.0,57.0,52.0,-6.0,7.0,10.0,389.0,28.0,27.8,238.8,20.0,100.0,-54.0
2026-06-24T14:28:31+02:00,192.0,197.0,23.0,79.0,-366.0,324.08,52.0,57.0,52.0,-6.0,7.0,10.0,389.0,28.0,27.8,238.8,20.0,100.0,-54.0
2026-06-24T14:30:45+02:00,192.0,197.0,23.0,79.0,-366.0,330.57,52.0,57.0,52.0,-6.0,7.0,10.0,389.0,28.0,27.8,238.8,20.0,100.0,-54.0
2026-06-24T14:32:21+02:00,195.0,199.0,19.0,81.0,-375.0,337.05,49.0,55.0,49.0,0.0,9.0,10.0,394.0,28.0,27.8,238.0,20.0,100.0,-54.0
2026-06-24T14:34:19+02:00,195.0,199.0,19.0,81.0,-375.0,343.62,49.0,55.0,49.0,0.0,9.0,10.0,394.0,28.0,27.8,238.0,20.0,100.0,-54.0
2026-06-24T14:36:26+02:00,195.0,199.0,19.0,81.0,-375.0,350.18,49.0,55.0,49.0,0.0,9.0,10.0,394.0,28.0,27.8,238.0,20.0,100.0,-54.0
2026-06-24T14:38:24+02:00,195.0,199.0,19.0,81.0,-375.0,356.75,49.0,55.0,49.0,0.0,9.0,10.0,394.0,28.0,27.8,238.0,20.0,100.0,-54.0
2026-06-24T14:40:34+02:00,195.0,199.0,19.0,81.0,-375.0,363.32,49.0,55.0,49.0,0.0,9.0,10.0,394.0,28.0,27.8,238.0,20.0,100.0,-54.0
2026-06-24T14:42:21+02:00,195.0,199.0,19.0,81.0,-375.0,369.88,49.0,55.0,49.0,0.0,9.0,10.0,394.0,28.0,27.8,238.0,20.0,100.0,-54.0
2026-06-24T14:44:27+02:00,182.0,185.0,79.0,86.0,-288.0,376.45,51.0,57.0,51.0,0.0,69.0,10.0,367.0,28.0,28.2,239.1,20.0,100.0,-54.0
2026-06-24T14:46:25+02:00,183.0,185.0,87.0,87.0,-281.0,382.57,51.0,57.0,51.0,-6.0,71.0,10.0,368.0,27.8,27.9,239.2,20.0,100.0,-54.0
2026-06-24T14:48:21+02:00,183.0,185.0,87.0,87.0,-281.0,388.7,51.0,57.0,51.0,-6.0,71.0,10.0,368.0,27.8,27.9,239.2,20.0,100.0,-54.0
2026-06-24T14:50:33+02:00,183.0,185.0,87.0,87.0,-281.0,394.83,51.0,57.0,51.0,-6.0,71.0,10.0,368.0,27.8,27.9,239.2,20.0,100.0,-54.0
2026-06-24T14:52:21+02:00,183.0,185.0,87.0,87.0,-281.0,400.97,51.0,57.0,51.0,-6.0,71.0,10.0,368.0,27.8,27.9,239.2,20.0,100.0,-54.0
2026-06-24T14:54:24+02:00,183.0,185.0,87.0,87.0,-281.0,407.1,51.0,57.0,51.0,-6.0,71.0,10.0,368.0,27.8,27.9,239.2,20.0,100.0,-54.0
2026-06-24T14:56:21+02:00,183.0,185.0,87.0,87.0,-281.0,413.23,51.0,57.0,51.0,-6.0,71.0,10.0,368.0,27.8,27.9,239.2,20.0,100.0,-54.0
2026-06-24T14:58:22+02:00,183.0,185.0,87.0,87.0,-281.0,419.37,51.0,57.0,51.0,-6.0,71.0,10.0,368.0,27.8,27.9,239.2,20.0,100.0,-54.0
2026-06-24T15:00:56+02:00,183.0,185.0,87.0,87.0,-281.0,425.5,51.0,57.0,51.0,-6.0,71.0,10.0,368.0,27.8,27.9,239.2,20.0,100.0,-54.0
2026-06-24T15:02:23+02:00,220.0,225.0,445.0,100.0,0.0,431.63,50.0,54.0,50.0,-370.0,65.0,10.0,445.0,27.8,27.9,240.3,20.0,100.0,-54.0
2026-06-24T15:04:21+02:00,220.0,225.0,445.0,100.0,0.0,439.05,50.0,54.0,50.0,-370.0,65.0,10.0,445.0,27.8,27.9,240.3,20.0,100.0,-54.0
2026-06-24T15:06:24+02:00,220.0,225.0,445.0,100.0,0.0,446.47,50.0,54.0,50.0,-370.0,65.0,10.0,445.0,27.8,27.9,240.3,20.0,100.0,-54.0
2026-06-24T15:08:24+02:00,220.0,225.0,445.0,100.0,0.0,453.88,50.0,54.0,50.0,-370.0,65.0,10.0,445.0,27.8,27.9,240.3,20.0,100.0,-54.0
2026-06-24T15:10:35+02:00,220.0,225.0,445.0,100.0,0.0,461.3,50.0,54.0,50.0,-370.0,65.0,10.0,445.0,27.8,27.9,240.3,20.0,100.0,-54.0
2026-06-24T15:12:22+02:00,220.0,225.0,445.0,100.0,0.0,468.72,50.0,54.0,50.0,-370.0,65.0,10.0,445.0,27.8,27.9,240.3,20.0,100.0,-54.0
2026-06-24T15:14:23+02:00,220.0,225.0,445.0,100.0,0.0,476.13,50.0,54.0,50.0,-370.0,65.0,10.0,445.0,27.8,27.9,240.3,20.0,100.0,-54.0
2026-06-24T15:16:24+02:00,230.0,233.0,463.0,100.0,0.0,483.55,52.0,55.0,52.0,-429.0,24.0,10.0,463.0,27.8,27.9,240.3,20.0,100.0,-54.0
2026-06-24T15:18:24+02:00,230.0,233.0,463.0,100.0,0.0,491.27,52.0,55.0,52.0,-429.0,24.0,10.0,463.0,27.8,27.9,240.3,20.0,100.0,-54.0
2026-06-24T15:20:35+02:00,230.0,233.0,463.0,100.0,0.0,498.98,52.0,55.0,52.0,-429.0,24.0,10.0,463.0,27.8,27.9,240.3,20.0,100.0,-54.0
2026-06-24T15:22:22+02:00,230.0,233.0,463.0,100.0,0.0,506.7,52.0,55.0,52.0,-429.0,24.0,10.0,463.0,27.8,27.9,240.3,20.0,100.0,-54.0
2026-06-24T15:24:21+02:00,230.0,233.0,463.0,100.0,0.0,514.42,52.0,55.0,52.0,-429.0,24.0,10.0,463.0,27.8,27.9,240.3,20.0,100.0,-54.0
2026-06-24T15:26:22+02:00,230.0,233.0,463.0,100.0,0.0,522.13,52.0,55.0,52.0,-429.0,24.0,10.0,463.0,27.8,27.9,240.3,20.0,100.0,-54.0
2026-06-24T15:28:25+02:00,230.0,233.0,463.0,100.0,0.0,529.85,52.0,55.0,52.0,-429.0,24.0,10.0,463.0,27.8,27.9,240.3,20.0,100.0,-54.0
2026-06-24T15:30:40+02:00,230.0,233.0,463.0,100.0,0.0,537.57,52.0,55.0,52.0,-429.0,24.0,10.0,463.0,27.8,27.9,240.3,20.0,100.0,-54.0
2026-06-24T15:32:21+02:00,222.0,227.0,449.0,100.0,0.0,545.28,53.0,55.0,53.0,-416.0,23.0,10.0,449.0,27.8,27.1,240.3,20.0,100.0,-54.0
2026-06-24T15:34:20+02:00,222.0,227.0,449.0,100.0,0.0,552.77,53.0,55.0,53.0,-416.0,23.0,10.0,449.0,27.8,27.1,240.3,20.0,100.0,-54.0
2026-06-24T15:36:26+02:00,222.0,227.0,449.0,100.0,0.0,560.25,53.0,55.0,53.0,-416.0,23.0,10.0,449.0,27.8,27.1,240.3,20.0,100.0,-54.0
2026-06-24T15:38:21+02:00,222.0,227.0,449.0,100.0,0.0,567.73,53.0,55.0,53.0,-416.0,23.0,10.0,449.0,27.8,27.1,240.3,20.0,100.0,-54.0
2026-06-24T15:40:36+02:00,222.0,227.0,449.0,100.0,0.0,575.22,53.0,55.0,53.0,-416.0,23.0,10.0,449.0,27.8,27.1,240.3,20.0,100.0,-54.0
2026-06-24T15:42:21+02:00,222.0,227.0,449.0,100.0,0.0,582.7,53.0,55.0,53.0,-416.0,23.0,10.0,449.0,27.8,27.1,240.3,20.0,100.0,-54.0
2026-06-24T15:44:20+02:00,222.0,227.0,449.0,100.0,0.0,590.18,53.0,55.0,53.0,-416.0,23.0,10.0,449.0,27.8,27.1,240.3,20.0,100.0,-54.0
2026-06-24T15:46:25+02:00,247.0,252.0,499.0,100.0,0.0,597.67,54.0,57.0,54.0,-403.0,86.0,10.0,499.0,27.8,27.1,242.1,20.0,100.0,-54.0
2026-06-24T15:48:20+02:00,247.0,252.0,499.0,100.0,0.0,605.98,54.0,57.0,54.0,-403.0,86.0,10.0,499.0,27.8,27.1,242.1,20.0,100.0,-54.0
2026-06-24T15:50:41+02:00,247.0,252.0,499.0,100.0,0.0,614.3,54.0,57.0,54.0,-403.0,86.0,10.0,499.0,27.8,27.1,242.1,20.0,100.0,-54.0
2026-06-24T15:52:25+02:00,247.0,252.0,499.0,100.0,0.0,622.62,54.0,57.0,54.0,-403.0,86.0,10.0,499.0,27.8,27.1,242.1,20.0,100.0,-54.0
2026-06-24T15:54:23+02:00,247.0,252.0,499.0,100.0,0.0,630.93,54.0,57.0,54.0,-403.0,86.0,10.0,499.0,27.8,27.1,242.1,20.0,100.0,-54.0
2026-06-24T15:56:25+02:00,247.0,252.0,499.0,100.0,0.0,639.25,54.0,57.0,54.0,-403.0,86.0,10.0,499.0,27.8,27.1,242.1,20.0,100.0,-54.0
2026-06-24T15:58:27+02:00,247.0,252.0,499.0,100.0,0.0,647.57,54.0,57.0,54.0,-403.0,86.0,10.0,499.0,27.8,27.1,242.1,20.0,100.0,-54.0
2026-06-24T16:00:55+02:00,247.0,252.0,499.0,100.0,0.0,655.88,54.0,57.0,54.0,-403.0,86.0,10.0,499.0,27.8,27.1,242.1,20.0,100.0,-54.0
2026-06-24T16:02:25+02:00,253.0,260.0,513.0,100.0,0.0,664.2,57.0,59.0,57.0,-420.0,83.0,10.0,513.0,27.2,27.1,240.7,20.0,100.0,-54.0
2026-06-24T16:04:24+02:00,253.0,260.0,513.0,100.0,0.0,672.75,57.0,59.0,57.0,-420.0,83.0,10.0,513.0,27.2,27.1,240.7,20.0,100.0,-54.0
2026-06-24T16:06:21+02:00,253.0,260.0,513.0,100.0,0.0,681.3,57.0,59.0,57.0,-420.0,83.0,10.0,513.0,27.2,27.1,240.7,20.0,100.0,-54.0
2026-06-24T16:08:20+02:00,253.0,260.0,513.0,100.0,0.0,689.85,57.0,59.0,57.0,-420.0,83.0,10.0,513.0,27.2,27.1,240.7,20.0,100.0,-54.0
2026-06-24T16:10:37+02:00,138.0,145.0,283.0,100.0,0.0,698.4,53.0,55.0,53.0,-251.0,22.0,10.0,283.0,26.8,27.1,239.8,20.0,100.0,-54.0
2026-06-24T16:12:25+02:00,138.0,145.0,283.0,100.0,0.0,703.12,53.0,55.0,53.0,-251.0,22.0,10.0,283.0,26.8,27.1,239.8,20.0,100.0,-54.0
2026-06-24T16:14:22+02:00,138.0,145.0,283.0,100.0,0.0,707.83,53.0,55.0,53.0,-251.0,22.0,10.0,283.0,26.8,27.1,239.8,20.0,100.0,-54.0
2026-06-24T16:16:23+02:00,138.0,145.0,283.0,100.0,0.0,712.55,53.0,55.0,53.0,-251.0,22.0,10.0,283.0,26.8,27.1,239.8,20.0,100.0,-54.0
2026-06-24T16:18:24+02:00,138.0,145.0,283.0,100.0,0.0,717.27,53.0,55.0,53.0,-251.0,22.0,10.0,283.0,26.8,27.1,239.8,20.0,100.0,-54.0
2026-06-24T16:20:42+02:00,138.0,145.0,283.0,100.0,0.0,721.98,53.0,55.0,53.0,-251.0,22.0,10.0,283.0,26.8,27.1,239.8,20.0,100.0,-54.0
2026-06-24T16:22:23+02:00,138.0,145.0,283.0,100.0,0.0,726.7,53.0,55.0,53.0,-251.0,22.0,10.0,283.0,26.8,27.1,239.8,20.0,100.0,-54.0
2026-06-24T16:24:22+02:00,138.0,145.0,283.0,100.0,0.0,731.42,53.0,55.0,53.0,-251.0,22.0,10.0,283.0,26.8,27.1,239.8,20.0,100.0,-54.0
2026-06-24T16:26:24+02:00,141.0,142.0,283.0,100.0,0.0,736.13,53.0,53.0,53.0,-265.0,8.0,10.0,283.0,28.1,28.1,240.6,20.0,100.0,-54.0
2026-06-24T16:28:23+02:00,141.0,142.0,283.0,100.0,0.0,740.85,53.0,53.0,53.0,-265.0,8.0,10.0,283.0,28.1,28.1,240.6,20.0,100.0,-54.0
2026-06-24T16:30:46+02:00,141.0,142.0,283.0,100.0,0.0,745.57,53.0,53.0,53.0,-265.0,8.0,10.0,283.0,28.1,28.1,240.6,20.0,100.0,-54.0
2026-06-24T16:32:27+02:00,141.0,142.0,283.0,100.0,0.0,750.28,53.0,53.0,53.0,-265.0,8.0,10.0,283.0,28.1,28.1,240.6,20.0,100.0,-54.0
2026-06-24T16:34:21+02:00,141.0,142.0,283.0,100.0,0.0,755.0,53.0,53.0,53.0,-265.0,8.0,10.0,283.0,28.1,28.1,240.6,20.0,100.0,-54.0
2026-06-24T16:36:25+02:00,141.0,142.0,283.0,100.0,0.0,759.72,53.0,53.0,53.0,-265.0,8.0,10.0,283.0,28.1,28.1,240.6,20.0,100.0,-54.0
2026-06-24T16:38:19+02:00,141.0,142.0,283.0,100.0,0.0,764.43,53.0,53.0,53.0,-265.0,8.0,10.0,283.0,28.1,28.1,240.6,20.0,100.0,-54.0
2026-06-24T16:40:35+02:00,158.0,163.0,321.0,100.0,0.0,769.15,54.0,57.0,54.0,-303.0,8.0,10.0,321.0,28.1,26.9,241.2,20.0,100.0,-54.0
2026-06-24T16:42:20+02:00,158.0,163.0,321.0,100.0,0.0,774.5,54.0,57.0,54.0,-303.0,8.0,10.0,321.0,28.1,26.9,241.2,20.0,100.0,-54.0
2026-06-24T16:44:24+02:00,158.0,163.0,321.0,100.0,0.0,779.85,54.0,57.0,54.0,-303.0,8.0,10.0,321.0,28.1,26.9,241.2,20.0,100.0,-54.0
2026-06-24T16:46:24+02:00,158.0,163.0,321.0,100.0,0.0,785.2,54.0,57.0,54.0,-303.0,8.0,10.0,321.0,28.1,26.9,241.2,20.0,100.0,-54.0
2026-06-24T16:48:22+02:00,158.0,163.0,321.0,100.0,0.0,790.55,54.0,57.0,54.0,-303.0,8.0,10.0,321.0,28.1,26.9,241.2,20.0,100.0,-54.0
2026-06-24T16:50:33+02:00,158.0,163.0,321.0,100.0,0.0,795.9,54.0,57.0,54.0,-303.0,8.0,10.0,321.0,28.1,26.9,241.2,20.0,100.0,-54.0
2026-06-24T16:52:24+02:00,158.0,163.0,321.0,100.0,0.0,801.25,54.0,57.0,54.0,-303.0,8.0,10.0,321.0,28.1,26.9,241.2,20.0,100.0,-54.0
2026-06-24T16:54:22+02:00,158.0,163.0,321.0,100.0,0.0,806.6,54.0,57.0,54.0,-303.0,8.0,10.0,321.0,28.1,26.9,241.2,20.0,100.0,-54.0
2026-06-24T16:56:23+02:00,92.0,91.0,183.0,100.0,0.0,811.95,51.0,51.0,51.0,-106.0,67.0,10.0,183.0,28.1,27.9,241.2,20.0,100.0,-54.0
2026-06-24T16:58:22+02:00,92.0,91.0,183.0,100.0,0.0,815.0,51.0,51.0,51.0,-106.0,67.0,10.0,183.0,28.1,27.9,241.2,20.0,100.0,-54.0
2026-06-24T17:00:52+02:00,92.0,91.0,183.0,100.0,0.0,818.05,51.0,51.0,51.0,-106.0,67.0,10.0,183.0,28.1,27.9,241.2,20.0,100.0,-54.0
2026-06-24T17:02:20+02:00,92.0,91.0,183.0,100.0,0.0,821.1,51.0,51.0,51.0,-106.0,67.0,10.0,183.0,28.1,27.9,241.2,20.0,100.0,-54.0
2026-06-24T17:04:22+02:00,92.0,91.0,183.0,100.0,0.0,824.15,51.0,51.0,51.0,-106.0,67.0,10.0,183.0,28.1,27.9,241.2,20.0,100.0,-54.0
2026-06-24T17:06:22+02:00,92.0,91.0,183.0,100.0,0.0,827.2,51.0,51.0,51.0,-106.0,67.0,10.0,183.0,28.1,27.9,241.2,20.0,100.0,-54.0
2026-06-24T17:08:21+02:00,92.0,91.0,183.0,100.0,0.0,830.25,51.0,51.0,51.0,-106.0,67.0,10.0,183.0,28.1,27.9,241.2,20.0,100.0,-54.0
2026-06-24T17:10:47+02:00,99.0,102.0,201.0,100.0,0.0,833.3,48.0,49.0,48.0,-182.0,9.0,10.0,201.0,28.1,27.9,239.4,20.0,100.0,-54.0
2026-06-24T17:12:22+02:00,99.0,102.0,201.0,100.0,0.0,836.65,48.0,49.0,48.0,-182.0,9.0,10.0,201.0,28.1,27.9,239.4,20.0,100.0,-54.0
2026-06-24T17:14:20+02:00,99.0,102.0,201.0,100.0,0.0,840.0,48.0,49.0,48.0,-182.0,9.0,10.0,201.0,28.1,27.9,239.4,20.0,100.0,-54.0
2026-06-24T17:15:44+02:00,99.0,102.0,201.0,100.0,0.0,843.35,48.0,49.0,48.0,-182.0,9.0,10.0,201.0,28.1,27.9,239.4,20.0,100.0,-54.0
2026-06-24T17:16:22+02:00,99.0,102.0,201.0,100.0,0.0,846.7,48.0,49.0,48.0,-182.0,9.0,10.0,201.0,28.1,27.9,239.4,20.0,100.0,-54.0
2026-06-24T17:18:20+02:00,99.0,102.0,201.0,100.0,0.0,850.05,48.0,49.0,48.0,-182.0,9.0,10.0,201.0,28.1,27.9,239.4,20.0,100.0,-54.0
2026-06-24T17:20:33+02:00,99.0,102.0,201.0,100.0,0.0,853.4,48.0,49.0,48.0,-182.0,9.0,10.0,201.0,28.1,27.9,239.4,20.0,100.0,-54.0
2026-06-24T17:22:30+02:00,99.0,102.0,201.0,100.0,0.0,856.75,48.0,49.0,48.0,-182.0,9.0,10.0,201.0,28.1,27.9,239.4,20.0,100.0,-54.0
2026-06-24T17:24:24+02:00,99.0,102.0,201.0,100.0,0.0,860.1,48.0,49.0,48.0,-182.0,9.0,10.0,201.0,28.1,27.9,239.4,20.0,100.0,-54.0
2026-06-24T17:26:25+02:00,134.0,142.0,276.0,100.0,0.0,863.45,54.0,54.0,54.0,-244.0,22.0,10.0,276.0,24.4,25.1,240.4,20.0,100.0,-54.0
2026-06-24T17:28:22+02:00,134.0,142.0,276.0,100.0,0.0,868.05,54.0,54.0,54.0,-244.0,22.0,10.0,276.0,24.4,25.1,240.4,20.0,100.0,-54.0
2026-06-24T17:30:42+02:00,134.0,142.0,276.0,100.0,0.0,872.65,54.0,54.0,54.0,-244.0,22.0,10.0,276.0,24.4,25.1,240.4,20.0,100.0,-54.0
2026-06-24T17:32:25+02:00,134.0,142.0,276.0,100.0,0.0,877.25,54.0,54.0,54.0,-244.0,22.0,10.0,276.0,24.4,25.1,240.4,20.0,100.0,-54.0
2026-06-24T17:34:21+02:00,134.0,142.0,276.0,100.0,0.0,881.85,54.0,54.0,54.0,-244.0,22.0,10.0,276.0,24.4,25.1,240.4,20.0,100.0,-54.0
2026-06-24T17:36:23+02:00,134.0,142.0,276.0,100.0,0.0,886.45,54.0,54.0,54.0,-244.0,22.0,10.0,276.0,24.4,25.1,240.4,20.0,100.0,-54.0
2026-06-24T17:38:21+02:00,134.0,142.0,276.0,100.0,0.0,891.05,54.0,54.0,54.0,-244.0,22.0,10.0,276.0,24.4,25.1,240.4,20.0,100.0,-54.0
2026-06-24T17:40:35+02:00,88.0,93.0,181.0,100.0,0.0,895.65,52.0,52.0,52.0,-98.0,73.0,10.0,181.0,27.6,27.7,239.7,20.0,100.0,-54.0
2026-06-24T17:42:19+02:00,88.0,93.0,181.0,100.0,0.0,898.67,52.0,52.0,52.0,-98.0,73.0,10.0,181.0,27.6,27.7,239.7,20.0,100.0,-54.0
2026-06-24T17:44:56+02:00,88.0,93.0,181.0,100.0,0.0,901.68,52.0,52.0,52.0,-98.0,73.0,10.0,181.0,27.6,27.7,239.7,20.0,100.0,-54.0
2026-06-24T17:46:21+02:00,88.0,93.0,181.0,100.0,0.0,904.7,52.0,52.0,52.0,-98.0,73.0,10.0,181.0,27.6,27.7,239.7,20.0,100.0,-54.0
2026-06-24T17:48:22+02:00,88.0,93.0,181.0,100.0,0.0,907.72,52.0,52.0,52.0,-98.0,73.0,10.0,181.0,27.6,27.7,239.7,20.0,100.0,-54.0
2026-06-24T17:50:33+02:00,88.0,93.0,181.0,100.0,0.0,910.73,52.0,52.0,52.0,-98.0,73.0,10.0,181.0,27.6,27.7,239.7,20.0,100.0,-54.0
2026-06-24T17:52:22+02:00,88.0,93.0,181.0,100.0,0.0,913.75,52.0,52.0,52.0,-98.0,73.0,10.0,181.0,27.6,27.7,239.7,20.0,100.0,-54.0
2026-06-24T17:54:26+02:00,88.0,93.0,181.0,100.0,0.0,916.77,52.0,52.0,52.0,-98.0,73.0,10.0,181.0,27.6,27.7,239.7,20.0,100.0,-54.0
2026-06-24T17:56:21+02:00,47.0,54.0,101.0,100.0,0.0,919.78,49.0,47.0,49.0,-27.0,64.0,10.0,101.0,27.6,28.3,237.1,20.0,100.0,-54.0
2026-06-24T17:58:23+02:00,47.0,54.0,101.0,100.0,0.0,921.47,49.0,47.0,49.0,-27.0,64.0,10.0,101.0,27.6,28.3,237.1,20.0,100.0,-54.0
2026-06-24T18:00:49+02:00,47.0,54.0,101.0,100.0,0.0,923.15,49.0,47.0,49.0,-27.0,64.0,10.0,101.0,27.6,28.3,237.1,20.0,100.0,-54.0
2026-06-24T18:02:22+02:00,47.0,54.0,101.0,100.0,0.0,924.83,49.0,47.0,49.0,-27.0,64.0,10.0,101.0,27.6,28.3,237.1,20.0,100.0,-54.0
2026-06-24T18:04:22+02:00,47.0,54.0,101.0,100.0,0.0,926.52,49.0,47.0,49.0,-27.0,64.0,10.0,101.0,27.6,28.3,237.1,20.0,100.0,-54.0
2026-06-24T18:06:22+02:00,47.0,54.0,101.0,100.0,0.0,928.2,49.0,47.0,49.0,-27.0,64.0,10.0,101.0,27.6,28.3,237.1,20.0,100.0,-54.0
2026-06-24T18:08:21+02:00,47.0,54.0,101.0,100.0,0.0,929.88,49.0,47.0,49.0,-27.0,64.0,10.0,101.0,27.6,28.3,237.1,20.0,100.0,-54.0
2026-06-24T18:10:42+02:00,262.0,264.0,526.0,100.0,0.0,931.57,54.0,56.0,54.0,-491.0,25.0,10.0,526.0,27.6,28.3,238.4,20.0,100.0,-54.0
2026-06-24T18:12:47+02:00,262.0,264.0,526.0,100.0,0.0,940.33,54.0,56.0,54.0,-491.0,25.0,10.0,526.0,27.6,28.3,238.4,20.0,100.0,-54.0
2026-06-24T18:14:21+02:00,262.0,264.0,526.0,100.0,0.0,949.1,54.0,56.0,54.0,-491.0,25.0,10.0,526.0,27.6,28.3,238.4,20.0,100.0,-54.0
2026-06-24T18:16:22+02:00,262.0,264.0,526.0,100.0,0.0,957.87,54.0,56.0,54.0,-491.0,25.0,10.0,526.0,27.6,28.3,238.4,20.0,100.0,-54.0
2026-06-24T18:18:24+02:00,262.0,264.0,526.0,100.0,0.0,966.63,54.0,56.0,54.0,-491.0,25.0,10.0,526.0,27.6,28.3,238.4,20.0,100.0,-54.0
2026-06-24T18:20:37+02:00,262.0,264.0,526.0,100.0,0.0,975.4,54.0,56.0,54.0,-491.0,25.0,10.0,526.0,27.6,28.3,238.4,20.0,100.0,-54.0
2026-06-24T18:22:22+02:00,262.0,264.0,526.0,100.0,0.0,984.17,54.0,56.0,54.0,-491.0,25.0,10.0,526.0,27.6,28.3,238.4,20.0,100.0,-54.0
2026-06-24T18:24:21+02:00,262.0,264.0,526.0,100.0,0.0,992.93,54.0,56.0,54.0,-491.0,25.0,10.0,526.0,27.6,28.3,238.4,20.0,100.0,-54.0
2026-06-24T18:26:22+02:00,250.0,253.0,503.0,100.0,0.0,1001.7,51.0,53.0,51.0,-471.0,22.0,10.0,503.0,27.6,28.3,238.4,20.0,100.0,-54.0
2026-06-24T18:28:20+02:00,250.0,253.0,503.0,100.0,0.0,1010.08,51.0,53.0,51.0,-471.0,22.0,10.0,503.0,27.6,28.3,238.4,20.0,100.0,-54.0
2026-06-24T18:30:45+02:00,250.0,253.0,503.0,100.0,0.0,1018.47,51.0,53.0,51.0,-471.0,22.0,10.0,503.0,27.6,28.3,238.4,20.0,100.0,-54.0
2026-06-24T18:32:21+02:00,250.0,253.0,503.0,100.0,0.0,1026.85,51.0,53.0,51.0,-471.0,22.0,10.0,503.0,27.6,28.3,238.4,20.0,100.0,-54.0
2026-06-24T18:34:23+02:00,250.0,253.0,503.0,100.0,0.0,1035.23,51.0,53.0,51.0,-471.0,22.0,10.0,503.0,27.6,28.3,238.4,20.0,100.0,-54.0
2026-06-24T18:36:22+02:00,250.0,253.0,503.0,100.0,0.0,1043.62,51.0,53.0,51.0,-471.0,22.0,10.0,503.0,27.6,28.3,238.4,20.0,100.0,-54.0
2026-06-24T18:38:21+02:00,250.0,253.0,503.0,100.0,0.0,1052.0,51.0,53.0,51.0,-471.0,22.0,10.0,503.0,27.6,28.3,238.4,20.0,100.0,-54.0
2026-06-24T18:40:32+02:00,250.0,253.0,503.0,100.0,0.0,1060.38,51.0,53.0,51.0,-471.0,22.0,10.0,503.0,27.6,28.3,238.4,20.0,100.0,-54.0
2026-06-24T18:42:22+02:00,233.0,239.0,472.0,100.0,0.0,1068.77,51.0,53.0,51.0,-376.0,86.0,10.0,472.0,26.8,27.2,237.3,20.0,100.0,-54.0
2026-06-24T18:44:20+02:00,233.0,239.0,472.0,100.0,0.0,1076.63,51.0,53.0,51.0,-376.0,86.0,10.0,472.0,26.8,27.2,237.3,20.0,100.0,-54.0
2026-06-24T18:46:21+02:00,233.0,239.0,472.0,100.0,0.0,1084.5,51.0,53.0,51.0,-376.0,86.0,10.0,472.0,26.8,27.2,237.3,20.0,100.0,-54.0
2026-06-24T18:48:22+02:00,233.0,239.0,472.0,100.0,0.0,1092.37,51.0,53.0,51.0,-376.0,86.0,10.0,472.0,26.8,27.2,237.3,20.0,100.0,-54.0
2026-06-24T18:50:34+02:00,233.0,239.0,472.0,100.0,0.0,1100.23,51.0,53.0,51.0,-376.0,86.0,10.0,472.0,26.8,27.2,237.3,20.0,100.0,-54.0
2026-06-24T18:52:20+02:00,233.0,239.0,472.0,100.0,0.0,1108.1,51.0,53.0,51.0,-376.0,86.0,10.0,472.0,26.8,27.2,237.3,20.0,100.0,-54.0
2026-06-24T18:54:21+02:00,233.0,239.0,472.0,100.0,0.0,1115.97,51.0,53.0,51.0,-376.0,86.0,10.0,472.0,26.8,27.2,237.3,20.0,100.0,-54.0
2026-06-24T18:56:19+02:00,219.0,224.0,443.0,100.0,0.0,1123.83,50.0,52.0,50.0,-354.0,79.0,10.0,443.0,27.4,27.2,238.0,20.0,100.0,-54.0
2026-06-24T18:58:23+02:00,219.0,224.0,443.0,100.0,0.0,1131.22,50.0,52.0,50.0,-354.0,79.0,10.0,443.0,27.4,27.2,238.0,20.0,100.0,-54.0
2026-06-24T19:00:51+02:00,219.0,224.0,443.0,100.0,0.0,543.91,50.0,52.0,50.0,-354.0,79.0,10.0,443.0,27.4,27.2,238.0,20.0,100.0,-54.0
2026-06-24T19:02:21+02:00,219.0,224.0,443.0,100.0,0.0,543.91,50.0,52.0,50.0,-354.0,79.0,10.0,443.0,27.4,27.2,238.0,20.0,100.0,-54.0
2026-06-24T19:04:22+02:00,219.0,224.0,443.0,100.0,0.0,543.91,50.0,52.0,50.0,-354.0,79.0,10.0,443.0,27.4,27.2,238.0,20.0,100.0,-54.0
2026-06-24T19:06:28+02:00,219.0,224.0,443.0,100.0,0.0,543.91,50.0,52.0,50.0,-354.0,79.0,10.0,443.0,27.4,27.2,238.0,20.0,100.0,-54.0
2026-06-24T19:08:19+02:00,219.0,224.0,443.0,100.0,0.0,543.91,50.0,52.0,50.0,-354.0,79.0,10.0,443.0,27.4,27.2,238.0,20.0,100.0,-54.0
2026-06-24T19:10:32+02:00,219.0,224.0,443.0,100.0,0.0,543.91,50.0,52.0,50.0,-354.0,79.0,10.0,443.0,27.4,27.2,238.0,20.0,100.0,-54.0
2026-06-24T19:12:21+02:00,106.0,110.0,216.0,100.0,0.0,543.91,49.0,50.0,49.0,-183.0,23.0,10.0,216.0,26.6,26.4,238.0,20.0,100.0,-54.0
2026-06-24T19:14:19+02:00,106.0,110.0,216.0,100.0,0.0,543.91,49.0,50.0,49.0,-183.0,23.0,10.0,216.0,26.6,26.4,238.0,20.0,100.0,-54.0
2026-06-24T19:18:22+02:00,106.0,110.0,216.0,100.0,0.0,543.91,49.0,50.0,49.0,-183.0,23.0,10.0,216.0,26.6,26.4,238.0,20.0,100.0,-54.0
2026-06-24T19:20:33+02:00,106.0,110.0,216.0,100.0,0.0,543.91,49.0,50.0,49.0,-183.0,23.0,10.0,216.0,26.6,26.4,238.0,20.0,100.0,-54.0
2026-06-24T19:22:24+02:00,106.0,110.0,216.0,100.0,0.0,543.91,49.0,50.0,49.0,-183.0,23.0,10.0,216.0,26.6,26.4,238.0,20.0,100.0,-54.0
2026-06-24T19:23:23+02:00,106.0,110.0,216.0,100.0,0.0,543.91,49.0,50.0,49.0,-183.0,23.0,10.0,216.0,26.6,26.4,238.0,20.0,100.0,-54.0
2026-06-24T19:24:19+02:00,106.0,110.0,216.0,100.0,0.0,543.91,49.0,50.0,49.0,-183.0,23.0,10.0,216.0,26.6,26.4,238.0,20.0,100.0,-54.0
2026-06-24T19:26:21+02:00,178.0,177.0,355.0,100.0,0.0,543.91,52.0,52.0,52.0,-338.0,7.0,10.0,355.0,28.2,27.7,237.2,20.0,100.0,-54.0
2026-06-24T19:28:23+02:00,178.0,177.0,355.0,100.0,0.0,543.91,52.0,52.0,52.0,-338.0,7.0,10.0,355.0,28.2,27.7,237.2,20.0,100.0,-54.0
2026-06-24T19:30:41+02:00,178.0,177.0,355.0,100.0,0.0,543.91,52.0,52.0,52.0,-338.0,7.0,10.0,355.0,28.2,27.7,237.2,20.0,100.0,-54.0
2026-06-24T19:32:21+02:00,178.0,177.0,355.0,100.0,0.0,543.91,52.0,52.0,52.0,-338.0,7.0,10.0,355.0,28.2,27.7,237.2,20.0,100.0,-54.0
2026-06-24T19:34:23+02:00,178.0,177.0,355.0,100.0,0.0,543.91,52.0,52.0,52.0,-338.0,7.0,10.0,355.0,28.2,27.7,237.2,20.0,100.0,-54.0
2026-06-24T19:36:21+02:00,178.0,177.0,355.0,100.0,0.0,543.91,52.0,52.0,52.0,-338.0,7.0,10.0,355.0,28.2,27.7,237.2,20.0,100.0,-54.0
2026-06-24T19:38:22+02:00,178.0,177.0,355.0,100.0,0.0,543.91,52.0,52.0,52.0,-338.0,7.0,10.0,355.0,28.2,27.7,237.2,20.0,100.0,-54.0
2026-06-24T19:40:35+02:00,178.0,177.0,355.0,100.0,0.0,543.91,52.0,52.0,52.0,-338.0,7.0,10.0,355.0,28.2,27.7,237.2,20.0,100.0,-54.0
2026-06-24T19:42:22+02:00,174.0,176.0,350.0,100.0,0.0,543.91,49.0,50.0,49.0,-257.0,83.0,10.0,350.0,28.2,27.7,238.1,20.0,100.0,-54.0
2026-06-24T19:44:22+02:00,174.0,176.0,350.0,100.0,0.0,543.91,49.0,50.0,49.0,-257.0,83.0,10.0,350.0,28.2,27.7,238.1,20.0,100.0,-54.0
2026-06-24T19:46:21+02:00,174.0,176.0,350.0,100.0,0.0,543.91,49.0,50.0,49.0,-257.0,83.0,10.0,350.0,28.2,27.7,238.1,20.0,100.0,-54.0
2026-06-24T19:48:21+02:00,174.0,176.0,350.0,100.0,0.0,543.91,49.0,50.0,49.0,-257.0,83.0,10.0,350.0,28.2,27.7,238.1,20.0,100.0,-54.0
2026-06-24T19:50:32+02:00,174.0,176.0,350.0,100.0,0.0,543.91,49.0,50.0,49.0,-257.0,83.0,10.0,350.0,28.2,27.7,238.1,20.0,100.0,-54.0
2026-06-24T19:52:21+02:00,174.0,176.0,350.0,100.0,0.0,543.91,49.0,50.0,49.0,-257.0,83.0,10.0,350.0,28.2,27.7,238.1,20.0,100.0,-54.0
2026-06-24T19:54:22+02:00,174.0,176.0,350.0,100.0,0.0,543.91,49.0,50.0,49.0,-257.0,83.0,10.0,350.0,28.2,27.7,238.1,20.0,100.0,-54.0
2026-06-24T19:56:22+02:00,155.0,161.0,316.0,99.0,0.0,543.91,50.0,51.0,50.0,-298.0,8.0,10.0,316.0,28.2,27.7,237.5,20.0,100.0,-54.0
2026-06-24T19:58:20+02:00,155.0,161.0,316.0,99.0,0.0,543.91,50.0,51.0,50.0,-298.0,8.0,10.0,316.0,28.2,27.7,237.5,20.0,100.0,-54.0
2026-06-24T20:00:48+02:00,155.0,161.0,316.0,99.0,0.0,543.91,50.0,51.0,50.0,-298.0,8.0,10.0,316.0,28.2,27.7,237.5,20.0,100.0,-54.0
2026-06-24T20:02:20+02:00,148.0,152.0,300.0,99.0,0.0,543.91,51.0,51.0,51.0,-267.0,23.0,10.0,300.0,28.2,28.3,238.7,20.0,100.0,-54.0
2026-06-24T20:04:20+02:00,148.0,151.0,299.0,99.0,0.0,543.91,50.0,50.0,50.0,-267.0,22.0,10.0,299.0,28.2,27.8,238.4,20.0,100.0,-54.0
2026-06-24T20:06:22+02:00,148.0,151.0,299.0,99.0,0.0,543.91,50.0,50.0,50.0,-267.0,22.0,10.0,299.0,28.2,27.8,238.4,20.0,100.0,-54.0
2026-06-24T20:08:22+02:00,148.0,151.0,299.0,99.0,0.0,543.91,50.0,50.0,50.0,-267.0,22.0,10.0,299.0,28.2,27.8,238.4,20.0,100.0,-54.0
2026-06-24T20:10:32+02:00,148.0,151.0,299.0,99.0,0.0,2668.11,50.0,50.0,50.0,-267.0,22.0,10.0,299.0,28.2,27.8,238.4,20.0,100.0,-54.0
2026-06-24T20:12:20+02:00,148.0,151.0,299.0,99.0,0.0,2678.91,50.0,50.0,50.0,-267.0,22.0,10.0,299.0,28.2,27.8,238.4,20.0,100.0,-54.0
2026-06-24T20:14:25+02:00,148.0,151.0,299.0,99.0,0.0,2687.88,50.0,50.0,50.0,-267.0,22.0,10.0,299.0,28.2,27.8,238.4,20.0,100.0,-54.0
2026-06-24T20:16:22+02:00,148.0,151.0,299.0,99.0,0.0,2698.26,50.0,50.0,50.0,-267.0,22.0,10.0,299.0,28.2,27.8,238.4,20.0,100.0,-54.0
2026-06-24T20:18:20+02:00,148.0,151.0,299.0,99.0,0.0,2707.98,50.0,50.0,50.0,-267.0,22.0,10.0,299.0,28.2,27.8,238.4,20.0,100.0,-54.0
2026-06-24T20:20:34+02:00,28.0,66.0,94.0,99.0,0.0,2717.78,50.0,48.0,50.0,-73.0,11.0,10.0,94.0,31.3,31.1,239.0,20.0,100.0,-54.0
2026-06-24T20:22:21+02:00,28.0,66.0,94.0,99.0,0.0,2721.28,50.0,48.0,50.0,-73.0,11.0,10.0,94.0,31.3,31.1,239.0,20.0,100.0,-54.0
2026-06-24T20:24:21+02:00,28.0,66.0,94.0,99.0,0.0,2724.07,50.0,48.0,50.0,-73.0,11.0,10.0,94.0,31.3,31.1,239.0,20.0,100.0,-54.0
2026-06-24T20:26:28+02:00,28.0,66.0,94.0,99.0,0.0,2727.2,50.0,48.0,50.0,-73.0,11.0,10.0,94.0,31.3,31.1,239.0,20.0,100.0,-54.0
2026-06-24T20:28:22+02:00,28.0,66.0,94.0,99.0,0.0,2730.52,50.0,48.0,50.0,-73.0,11.0,10.0,94.0,31.3,31.1,239.0,20.0,100.0,-54.0
2026-06-24T20:30:43+02:00,28.0,66.0,94.0,99.0,0.0,2733.5,50.0,48.0,50.0,-73.0,11.0,10.0,94.0,31.3,31.1,239.0,20.0,100.0,-54.0
2026-06-24T20:32:20+02:00,28.0,66.0,94.0,99.0,0.0,2737.18,50.0,48.0,50.0,-73.0,11.0,10.0,94.0,31.3,31.1,239.0,20.0,100.0,-54.0
2026-06-24T20:34:20+02:00,14.0,17.0,80.0,99.0,49.0,2739.71,47.0,46.0,47.0,0.0,70.0,10.0,31.0,27.7,27.4,239.0,20.0,100.0,-54.0
2026-06-24T20:36:26+02:00,14.0,17.0,80.0,99.0,49.0,2740.74,47.0,46.0,47.0,0.0,70.0,10.0,31.0,27.7,27.4,239.0,20.0,100.0,-54.0
2026-06-24T20:38:21+02:00,14.0,17.0,80.0,99.0,49.0,2741.83,47.0,46.0,47.0,0.0,70.0,10.0,31.0,27.7,27.4,239.0,20.0,100.0,-54.0
2026-06-24T20:40:36+02:00,14.0,17.0,80.0,99.0,49.0,2742.82,47.0,46.0,47.0,0.0,70.0,10.0,31.0,27.7,27.4,239.0,20.0,100.0,-54.0
2026-06-24T20:42:22+02:00,14.0,17.0,80.0,99.0,49.0,2743.98,47.0,46.0,47.0,0.0,70.0,10.0,31.0,27.7,27.4,239.0,20.0,100.0,-54.0
2026-06-24T20:44:24+02:00,11.0,13.0,75.0,98.0,51.0,2744.89,48.0,47.0,48.0,0.0,65.0,10.0,24.0,27.1,27.4,238.6,20.0,100.0,-54.0
2026-06-24T20:46:21+02:00,10.0,11.0,75.0,98.0,54.0,2745.71,48.0,47.0,48.0,0.0,65.0,10.0,21.0,26.3,26.4,239.3,20.0,100.0,-54.0
2026-06-24T20:48:22+02:00,10.0,11.0,75.0,98.0,54.0,2746.39,48.0,47.0,48.0,0.0,65.0,10.0,21.0,26.3,26.4,239.3,20.0,100.0,-54.0
2026-06-24T20:50:36+02:00,10.0,11.0,75.0,98.0,54.0,2747.1,48.0,47.0,48.0,0.0,65.0,10.0,21.0,26.3,26.4,239.3,20.0,100.0,-54.0
2026-06-24T20:52:21+02:00,10.0,11.0,75.0,98.0,54.0,2747.88,48.0,47.0,48.0,0.0,65.0,10.0,21.0,26.3,26.4,239.3,20.0,100.0,-54.0
2026-06-24T20:54:23+02:00,10.0,11.0,75.0,98.0,54.0,2748.49,48.0,47.0,48.0,0.0,65.0,10.0,21.0,26.3,26.4,239.3,20.0,100.0,-54.0
2026-06-24T20:56:22+02:00,10.0,11.0,75.0,98.0,54.0,2749.2,48.0,47.0,48.0,0.0,65.0,10.0,21.0,26.3,26.4,239.3,20.0,100.0,-54.0
2026-06-24T20:58:24+02:00,10.0,11.0,75.0,98.0,54.0,2749.9,48.0,47.0,48.0,0.0,65.0,10.0,21.0,26.3,26.4,239.3,20.0,100.0,-54.0
2026-06-24T21:00:49+02:00,8.0,13.0,21.0,97.0,0.0,2750.61,49.0,47.0,49.0,0.0,11.0,10.0,21.0,27.5,26.0,240.0,20.0,100.0,-54.0
2026-06-24T21:02:28+02:00,8.0,13.0,21.0,97.0,0.0,2751.45,49.0,47.0,49.0,0.0,11.0,10.0,21.0,27.5,26.0,240.0,20.0,100.0,-54.0
2026-06-24T21:04:22+02:00,8.0,13.0,21.0,97.0,0.0,2752.03,49.0,47.0,49.0,0.0,11.0,10.0,21.0,27.5,26.0,240.0,20.0,100.0,-54.0
2026-06-24T21:06:22+02:00,8.0,13.0,21.0,97.0,0.0,2752.7,49.0,47.0,49.0,0.0,11.0,10.0,21.0,27.5,26.0,240.0,20.0,100.0,-54.0
2026-06-24T21:08:21+02:00,8.0,13.0,21.0,97.0,0.0,2753.4,49.0,47.0,49.0,0.0,11.0,10.0,21.0,27.5,26.0,240.0,20.0,100.0,-54.0
2026-06-24T21:10:32+02:00,8.0,13.0,21.0,97.0,0.0,2754.09,49.0,47.0,49.0,0.0,11.0,10.0,21.0,27.5,26.0,240.0,20.0,100.0,-54.0
2026-06-24T21:12:22+02:00,8.0,13.0,21.0,97.0,0.0,2754.86,49.0,47.0,49.0,0.0,11.0,10.0,21.0,27.5,26.0,240.0,20.0,100.0,-54.0
2026-06-24T21:12:52+02:00,8.0,13.0,21.0,97.0,0.0,2755.5,49.0,47.0,49.0,0.0,11.0,10.0,21.0,27.5,26.0,240.0,20.0,100.0,-54.0
2026-06-24T21:14:20+02:00,8.0,13.0,21.0,97.0,0.0,2755.67,49.0,47.0,49.0,0.0,11.0,10.0,21.0,27.5,26.0,240.0,20.0,100.0,-54.0
2026-06-24T21:16:22+02:00,5.0,15.0,20.0,97.0,0.0,2756.19,48.0,47.0,48.0,0.0,10.0,10.0,20.0,25.9,26.0,240.0,20.0,100.0,-54.0
2026-06-24T21:18:21+02:00,5.0,15.0,20.0,97.0,0.0,2756.86,48.0,47.0,48.0,0.0,10.0,10.0,20.0,25.9,26.0,240.0,20.0,100.0,-54.0
2026-06-24T21:20:35+02:00,5.0,15.0,20.0,97.0,0.0,2757.52,48.0,47.0,48.0,0.0,10.0,10.0,20.0,25.9,26.0,240.0,20.0,100.0,-54.0
2026-06-24T21:22:23+02:00,5.0,15.0,20.0,97.0,0.0,2758.27,48.0,47.0,48.0,0.0,10.0,10.0,20.0,25.9,26.0,240.0,20.0,100.0,-54.0
2026-06-24T21:24:19+02:00,0.0,1.0,18.0,97.0,17.0,2758.87,49.0,47.0,49.0,0.0,8.0,10.0,1.0,19.8,24.9,239.0,20.0,100.0,-54.0
2026-06-24T21:26:21+02:00,0.0,1.0,18.0,97.0,17.0,2758.9,49.0,47.0,49.0,0.0,8.0,10.0,1.0,19.8,24.9,239.0,20.0,100.0,-54.0
2026-06-24T21:28:21+02:00,0.0,1.0,18.0,97.0,17.0,2758.93,49.0,47.0,49.0,0.0,8.0,10.0,1.0,19.8,24.9,239.0,20.0,100.0,-54.0
2026-06-24T21:30:38+02:00,0.0,0.0,80.0,96.0,86.0,2758.97,48.0,46.0,48.0,0.0,70.0,10.0,0.0,30.2,30.2,239.7,20.0,100.0,-54.0
2026-06-24T21:32:22+02:00,0.0,0.0,82.0,96.0,85.0,2758.97,48.0,46.0,48.0,0.0,72.0,10.0,0.0,30.2,30.2,240.3,20.0,100.0,-54.0
2026-06-24T21:34:19+02:00,0.0,0.0,82.0,96.0,85.0,2758.97,48.0,46.0,48.0,0.0,72.0,10.0,0.0,30.2,30.2,240.3,20.0,100.0,-54.0
2026-06-24T21:36:19+02:00,0.0,0.0,82.0,96.0,85.0,2758.97,48.0,46.0,48.0,0.0,72.0,10.0,0.0,30.2,30.2,240.3,20.0,100.0,-54.0
2026-06-24T21:38:21+02:00,0.0,0.0,82.0,96.0,85.0,2758.97,48.0,46.0,48.0,0.0,72.0,10.0,0.0,30.2,30.2,240.3,20.0,100.0,-54.0
2026-06-24T21:40:36+02:00,0.0,0.0,82.0,96.0,85.0,2758.97,48.0,46.0,48.0,0.0,72.0,10.0,0.0,30.2,30.2,240.3,20.0,100.0,-54.0
2026-06-24T21:42:22+02:00,0.0,0.0,82.0,96.0,85.0,2758.97,48.0,46.0,48.0,0.0,72.0,10.0,0.0,30.2,30.2,240.3,20.0,100.0,-54.0
2026-06-24T21:44:21+02:00,0.0,0.0,82.0,96.0,85.0,2758.97,48.0,46.0,48.0,0.0,72.0,10.0,0.0,30.2,30.2,240.3,20.0,100.0,-54.0
2026-06-24T21:46:19+02:00,0.0,0.0,73.0,95.0,78.0,2758.97,48.0,45.0,48.0,0.0,63.0,10.0,0.0,29.1,29.1,241.0,20.0,100.0,-54.0
2026-06-24T21:48:18+02:00,0.0,0.0,73.0,95.0,78.0,2758.97,48.0,45.0,48.0,0.0,63.0,10.0,0.0,29.1,29.1,241.0,20.0,100.0,-54.0
2026-06-24T21:50:32+02:00,0.0,0.0,73.0,95.0,78.0,2758.97,48.0,45.0,48.0,0.0,63.0,10.0,0.0,29.1,29.1,241.0,20.0,100.0,-54.0
2026-06-24T21:52:20+02:00,0.0,0.0,73.0,95.0,78.0,2758.97,48.0,45.0,48.0,0.0,63.0,10.0,0.0,29.1,29.1,241.0,20.0,100.0,-54.0
2026-06-24T21:54:20+02:00,0.0,0.0,73.0,95.0,78.0,2758.97,48.0,45.0,48.0,0.0,63.0,10.0,0.0,29.1,29.1,241.0,20.0,100.0,-54.0
2026-06-24T21:56:20+02:00,0.0,0.0,73.0,95.0,78.0,2758.97,48.0,45.0,48.0,0.0,63.0,10.0,0.0,29.1,29.1,241.0,20.0,100.0,-54.0
2026-06-24T21:58:19+02:00,0.0,0.0,73.0,95.0,78.0,2758.97,48.0,45.0,48.0,0.0,63.0,10.0,0.0,29.1,29.1,241.0,20.0,100.0,-54.0
2026-06-24T22:00:48+02:00,0.0,0.0,73.0,95.0,78.0,2758.97,48.0,45.0,48.0,0.0,63.0,10.0,0.0,29.1,29.1,241.0,20.0,100.0,-54.0
2026-06-24T22:02:21+02:00,0.0,0.0,19.0,94.0,24.0,2758.97,48.0,45.0,48.0,0.0,9.0,10.0,0.0,27.6,27.6,241.0,20.0,100.0,-54.0
2026-06-24T22:04:24+02:00,0.0,0.0,19.0,94.0,24.0,2758.97,48.0,45.0,48.0,0.0,9.0,10.0,0.0,27.6,27.6,241.0,20.0,100.0,-54.0
2026-06-24T22:06:21+02:00,0.0,0.0,19.0,94.0,24.0,2758.97,48.0,45.0,48.0,0.0,9.0,10.0,0.0,27.6,27.6,241.0,20.0,100.0,-54.0
2026-06-24T22:08:22+02:00,0.0,0.0,19.0,94.0,24.0,2758.97,48.0,45.0,48.0,0.0,9.0,10.0,0.0,27.6,27.6,241.0,20.0,100.0,-54.0
2026-06-24T22:10:34+02:00,0.0,0.0,19.0,94.0,24.0,2758.97,48.0,45.0,48.0,0.0,9.0,10.0,0.0,27.6,27.6,241.0,20.0,100.0,-54.0
2026-06-24T22:12:21+02:00,0.0,0.0,19.0,94.0,24.0,2758.97,48.0,45.0,48.0,0.0,9.0,10.0,0.0,27.6,27.6,241.0,20.0,100.0,-54.0
2026-06-24T22:14:21+02:00,0.0,0.0,19.0,94.0,24.0,2758.97,48.0,45.0,48.0,0.0,9.0,10.0,0.0,27.6,27.6,241.0,20.0,100.0,-54.0
2026-06-24T22:16:21+02:00,0.0,0.0,19.0,94.0,21.0,2758.97,48.0,44.0,48.0,0.0,9.0,10.0,0.0,25.7,25.8,238.1,20.0,100.0,-54.0
2026-06-24T22:18:21+02:00,0.0,0.0,19.0,94.0,21.0,2758.97,48.0,44.0,48.0,0.0,9.0,10.0,0.0,25.7,25.8,238.1,20.0,100.0,-54.0
2026-06-24T22:20:33+02:00,0.0,0.0,19.0,94.0,21.0,2758.97,48.0,44.0,48.0,0.0,9.0,10.0,0.0,25.7,25.8,238.1,20.0,100.0,-54.0
2026-06-24T22:22:23+02:00,0.0,0.0,19.0,94.0,21.0,2758.97,48.0,44.0,48.0,0.0,9.0,10.0,0.0,25.7,25.8,238.1,20.0,100.0,-54.0
2026-06-24T22:24:22+02:00,0.0,0.0,19.0,94.0,21.0,2758.97,48.0,44.0,48.0,0.0,9.0,10.0,0.0,25.7,25.8,238.1,20.0,100.0,-54.0
2026-06-24T22:26:24+02:00,0.0,0.0,19.0,94.0,21.0,2758.97,48.0,44.0,48.0,0.0,9.0,10.0,0.0,25.7,25.8,238.1,20.0,100.0,-54.0
2026-06-24T22:28:23+02:00,0.0,0.0,19.0,94.0,21.0,2758.97,48.0,44.0,48.0,0.0,9.0,10.0,0.0,25.7,25.8,238.1,20.0,100.0,-54.0
2026-06-24T22:30:42+02:00,0.0,0.0,19.0,94.0,21.0,2758.97,48.0,44.0,48.0,0.0,9.0,10.0,0.0,25.7,25.8,238.1,20.0,100.0,-54.0
2026-06-24T22:32:25+02:00,0.0,0.0,79.0,93.0,81.0,2758.97,47.0,44.0,47.0,0.0,69.0,10.0,0.0,22.0,22.4,239.1,20.0,100.0,-54.0
2026-06-24T22:34:22+02:00,0.0,0.0,79.0,93.0,81.0,2758.97,47.0,44.0,47.0,0.0,69.0,10.0,0.0,22.0,22.4,239.1,20.0,100.0,-54.0
2026-06-24T22:36:20+02:00,0.0,0.0,79.0,93.0,81.0,2758.97,47.0,44.0,47.0,0.0,69.0,10.0,0.0,22.0,22.4,239.1,20.0,100.0,-54.0
2026-06-24T22:38:21+02:00,0.0,0.0,79.0,93.0,81.0,2758.97,47.0,44.0,47.0,0.0,69.0,10.0,0.0,22.0,22.4,239.1,20.0,100.0,-54.0
2026-06-24T22:40:30+02:00,0.0,0.0,79.0,93.0,81.0,2758.97,47.0,44.0,47.0,0.0,69.0,10.0,0.0,22.0,22.4,239.1,20.0,100.0,-54.0
2026-06-24T22:42:22+02:00,0.0,0.0,79.0,93.0,81.0,2758.97,47.0,44.0,47.0,0.0,69.0,10.0,0.0,22.0,22.4,239.1,20.0,100.0,-54.0
2026-06-24T22:44:23+02:00,0.0,0.0,79.0,93.0,81.0,2758.97,47.0,44.0,47.0,0.0,69.0,10.0,0.0,22.0,22.4,239.1,20.0,100.0,-54.0
2026-06-24T22:46:18+02:00,0.0,0.0,76.0,91.0,79.0,2758.97,47.0,44.0,47.0,0.0,66.0,10.0,0.0,8.7,9.5,239.1,20.0,100.0,-54.0
2026-06-24T22:48:23+02:00,0.0,0.0,76.0,91.0,79.0,2758.97,47.0,44.0,47.0,0.0,66.0,10.0,0.0,8.7,9.5,239.1,20.0,100.0,-54.0
2026-06-24T22:50:32+02:00,0.0,0.0,76.0,91.0,79.0,2758.97,47.0,44.0,47.0,0.0,66.0,10.0,0.0,8.7,9.5,239.1,20.0,100.0,-54.0
2026-06-24T22:52:19+02:00,0.0,0.0,76.0,91.0,79.0,2758.97,47.0,44.0,47.0,0.0,66.0,10.0,0.0,8.7,9.5,239.1,20.0,100.0,-54.0
2026-06-24T22:54:24+02:00,0.0,0.0,76.0,91.0,79.0,2758.97,47.0,44.0,47.0,0.0,66.0,10.0,0.0,8.7,9.5,239.1,20.0,100.0,-54.0
2026-06-24T22:56:21+02:00,0.0,0.0,76.0,91.0,79.0,2758.97,47.0,44.0,47.0,0.0,66.0,10.0,0.0,8.7,9.5,239.1,20.0,100.0,-54.0
2026-06-24T22:58:19+02:00,0.0,0.0,76.0,91.0,79.0,2758.97,47.0,44.0,47.0,0.0,66.0,10.0,0.0,8.7,9.5,239.1,20.0,100.0,-54.0
2026-06-24T23:00:18+02:00,0.0,0.0,76.0,91.0,79.0,2758.97,47.0,44.0,47.0,0.0,66.0,10.0,0.0,8.7,9.5,239.1,20.0,100.0,-54.0
2026-06-24T23:00:47+02:00,0.0,0.0,76.0,91.0,79.0,2758.97,47.0,44.0,47.0,0.0,66.0,10.0,0.0,8.7,9.5,239.1,20.0,100.0,-54.0
2026-06-24T23:02:21+02:00,0.0,0.0,19.0,90.0,23.0,2758.97,47.0,44.0,47.0,0.0,9.0,10.0,0.0,4.2,4.2,239.1,20.0,100.0,-54.0
2026-06-24T23:04:19+02:00,0.0,0.0,19.0,90.0,23.0,2758.97,47.0,44.0,47.0,0.0,9.0,10.0,0.0,4.2,4.2,239.1,20.0,100.0,-54.0
2026-06-24T23:06:22+02:00,0.0,0.0,19.0,90.0,23.0,2758.97,47.0,44.0,47.0,0.0,9.0,10.0,0.0,4.2,4.2,239.1,20.0,100.0,-54.0
2026-06-24T23:08:21+02:00,0.0,0.0,19.0,90.0,23.0,2758.97,47.0,44.0,47.0,0.0,9.0,10.0,0.0,4.2,4.2,239.1,20.0,100.0,-54.0
2026-06-24T23:10:34+02:00,0.0,0.0,19.0,90.0,23.0,2758.97,47.0,44.0,47.0,0.0,9.0,10.0,0.0,4.2,4.2,239.1,20.0,100.0,-54.0
2026-06-24T23:12:20+02:00,0.0,0.0,19.0,90.0,23.0,2758.97,47.0,44.0,47.0,0.0,9.0,10.0,0.0,4.2,4.2,239.1,20.0,100.0,-54.0
2026-06-24T23:14:21+02:00,0.0,0.0,19.0,90.0,23.0,2758.97,47.0,44.0,47.0,0.0,9.0,10.0,0.0,4.2,4.2,239.1,20.0,100.0,-54.0
2026-06-24T23:16:20+02:00,0.0,0.0,19.0,90.0,20.0,2758.97,47.0,44.0,47.0,0.0,9.0,10.0,0.0,4.2,4.2,239.1,20.0,100.0,-54.0
2026-06-24T23:18:21+02:00,0.0,0.0,19.0,90.0,20.0,2758.97,47.0,44.0,47.0,0.0,9.0,10.0,0.0,4.2,4.2,239.1,20.0,100.0,-54.0
2026-06-24T23:20:31+02:00,0.0,0.0,19.0,90.0,20.0,2758.97,47.0,44.0,47.0,0.0,9.0,10.0,0.0,4.2,4.2,239.1,20.0,100.0,-54.0
2026-06-24T23:22:19+02:00,0.0,0.0,19.0,90.0,20.0,2758.97,47.0,44.0,47.0,0.0,9.0,10.0,0.0,4.2,4.2,239.1,20.0,100.0,-54.0
2026-06-24T23:24:21+02:00,0.0,0.0,19.0,90.0,20.0,2758.97,47.0,44.0,47.0,0.0,9.0,10.0,0.0,4.2,4.2,239.1,20.0,100.0,-54.0
2026-06-24T23:26:19+02:00,0.0,0.0,19.0,90.0,20.0,2758.97,47.0,44.0,47.0,0.0,9.0,10.0,0.0,4.2,4.2,239.1,20.0,100.0,-54.0
2026-06-24T23:28:20+02:00,0.0,0.0,19.0,90.0,20.0,2758.97,47.0,44.0,47.0,0.0,9.0,10.0,0.0,4.2,4.2,239.1,20.0,100.0,-54.0
2026-06-24T23:30:39+02:00,0.0,0.0,19.0,90.0,20.0,2758.97,47.0,44.0,47.0,0.0,9.0,10.0,0.0,4.2,4.2,239.1,20.0,100.0,-54.0
2026-06-24T23:32:27+02:00,0.0,0.0,77.0,89.0,81.0,2758.97,47.0,44.0,47.0,0.0,67.0,10.0,0.0,3.5,3.6,240.0,20.0,100.0,-54.0
2026-06-24T23:34:20+02:00,0.0,0.0,77.0,89.0,81.0,2758.97,47.0,44.0,47.0,0.0,67.0,10.0,0.0,3.5,3.6,240.0,20.0,100.0,-54.0
2026-06-24T23:36:21+02:00,0.0,0.0,77.0,89.0,81.0,2758.97,47.0,44.0,47.0,0.0,67.0,10.0,0.0,3.5,3.6,240.0,20.0,100.0,-54.0
2026-06-24T23:38:20+02:00,0.0,0.0,77.0,89.0,81.0,2758.97,47.0,44.0,47.0,0.0,67.0,10.0,0.0,3.5,3.6,240.0,20.0,100.0,-54.0
2026-06-24T23:40:31+02:00,0.0,0.0,77.0,89.0,81.0,2758.97,47.0,44.0,47.0,0.0,67.0,10.0,0.0,3.5,3.6,240.0,20.0,100.0,-54.0
2026-06-24T23:42:19+02:00,0.0,0.0,77.0,89.0,81.0,2758.97,47.0,44.0,47.0,0.0,67.0,10.0,0.0,3.5,3.6,240.0,20.0,100.0,-54.0
2026-06-24T23:44:21+02:00,0.0,0.0,77.0,89.0,81.0,2758.97,47.0,44.0,47.0,0.0,67.0,10.0,0.0,3.5,3.6,240.0,20.0,100.0,-54.0
2026-06-24T23:46:25+02:00,0.0,0.0,20.0,87.0,22.0,2758.97,47.0,44.0,47.0,0.0,10.0,10.0,0.0,3.5,3.6,240.0,20.0,100.0,-54.0
2026-06-24T23:48:20+02:00,0.0,0.0,20.0,87.0,22.0,2758.97,47.0,44.0,47.0,0.0,10.0,10.0,0.0,3.5,3.6,240.0,20.0,100.0,-54.0
2026-06-24T23:50:43+02:00,0.0,0.0,20.0,87.0,22.0,2758.97,47.0,44.0,47.0,0.0,10.0,10.0,0.0,3.5,3.6,240.0,20.0,100.0,-54.0
2026-06-24T23:52:19+02:00,0.0,0.0,20.0,87.0,22.0,2758.97,47.0,44.0,47.0,0.0,10.0,10.0,0.0,3.5,3.6,240.0,20.0,100.0,-54.0
2026-06-24T23:54:22+02:00,0.0,0.0,20.0,87.0,22.0,2758.97,47.0,44.0,47.0,0.0,10.0,10.0,0.0,3.5,3.6,240.0,20.0,100.0,-54.0
2026-06-24T23:56:19+02:00,0.0,0.0,20.0,87.0,22.0,2758.97,47.0,44.0,47.0,0.0,10.0,10.0,0.0,3.5,3.6,240.0,20.0,100.0,-54.0
2026-06-24T23:58:22+02:00,0.0,0.0,20.0,87.0,22.0,2758.97,47.0,44.0,47.0,0.0,10.0,10.0,0.0,3.5,3.6,240.0,20.0,100.0,-54.0
2026-06-25T00:00:49+02:00,0.0,0.0,20.0,87.0,22.0,0.0,47.0,44.0,47.0,0.0,10.0,10.0,0.0,3.5,3.6,240.0,20.0,100.0,-54.0
2026-06-25T00:04:11+02:00,0.0,0.0,19.0,87.0,24.0,0.0,47.0,44.0,47.0,0.0,9.0,10.0,0.0,3.5,3.6,238.2,20.0,100.0,-54.0
2026-06-25T00:06:22+02:00,0.0,0.0,19.0,87.0,24.0,0.0,47.0,44.0,47.0,0.0,9.0,10.0,0.0,3.5,3.6,238.2,20.0,100.0,-54.0
2026-06-25T00:08:22+02:00,0.0,0.0,19.0,87.0,24.0,0.0,47.0,44.0,47.0,0.0,9.0,10.0,0.0,3.5,3.6,238.2,20.0,100.0,-54.0
2026-06-25T00:10:37+02:00,0.0,0.0,19.0,87.0,24.0,0.0,47.0,44.0,47.0,0.0,9.0,10.0,0.0,3.5,3.6,238.2,20.0,100.0,-54.0
2026-06-25T00:12:19+02:00,0.0,0.0,19.0,87.0,24.0,0.0,47.0,44.0,47.0,0.0,9.0,10.0,0.0,3.5,3.6,238.2,20.0,100.0,-54.0
2026-06-25T00:14:21+02:00,0.0,0.0,19.0,87.0,24.0,0.0,47.0,44.0,47.0,0.0,9.0,10.0,0.0,3.5,3.6,238.2,20.0,100.0,-54.0
2026-06-25T00:16:22+02:00,0.0,0.0,18.0,86.0,23.0,0.0,47.0,43.0,47.0,0.0,8.0,10.0,0.0,3.5,3.6,237.0,20.0,100.0,-54.0
2026-06-25T00:18:20+02:00,0.0,0.0,18.0,86.0,23.0,0.0,47.0,43.0,47.0,0.0,8.0,10.0,0.0,3.5,3.6,237.0,20.0,100.0,-54.0
2026-06-25T00:20:30+02:00,0.0,0.0,18.0,86.0,23.0,0.0,47.0,43.0,47.0,0.0,8.0,10.0,0.0,3.5,3.6,237.0,20.0,100.0,-54.0
2026-06-25T00:22:21+02:00,0.0,0.0,18.0,86.0,23.0,0.0,47.0,43.0,47.0,0.0,8.0,10.0,0.0,3.5,3.6,237.0,20.0,100.0,-54.0
2026-06-25T00:24:21+02:00,0.0,0.0,18.0,86.0,23.0,0.0,47.0,43.0,47.0,0.0,8.0,10.0,0.0,3.5,3.6,237.0,20.0,100.0,-54.0
2026-06-25T00:26:18+02:00,0.0,0.0,18.0,86.0,23.0,0.0,47.0,43.0,47.0,0.0,8.0,10.0,0.0,3.5,3.6,237.0,20.0,100.0,-54.0
2026-06-25T00:28:22+02:00,0.0,0.0,18.0,86.0,23.0,0.0,47.0,43.0,47.0,0.0,8.0,10.0,0.0,3.5,3.6,237.0,20.0,100.0,-54.0
2026-06-25T00:30:40+02:00,0.0,0.0,18.0,86.0,23.0,0.0,47.0,43.0,47.0,0.0,8.0,10.0,0.0,3.5,3.6,237.0,20.0,100.0,-54.0
2026-06-25T00:32:21+02:00,0.0,0.0,77.0,85.0,80.0,0.0,47.0,43.0,47.0,0.0,67.0,10.0,0.0,3.5,3.6,237.0,20.0,100.0,-54.0
2026-06-25T00:34:20+02:00,0.0,0.0,77.0,85.0,80.0,0.0,47.0,43.0,47.0,0.0,67.0,10.0,0.0,3.5,3.6,237.0,20.0,100.0,-54.0
2026-06-25T00:36:21+02:00,0.0,0.0,77.0,85.0,80.0,0.0,47.0,43.0,47.0,0.0,67.0,10.0,0.0,3.5,3.6,237.0,20.0,100.0,-54.0
2026-06-25T00:37:19+02:00,0.0,0.0,77.0,85.0,80.0,0.0,47.0,43.0,47.0,0.0,67.0,10.0,0.0,3.5,3.6,237.0,20.0,100.0,-54.0
2026-06-25T00:38:26+02:00,0.0,0.0,77.0,85.0,80.0,0.0,47.0,43.0,47.0,0.0,67.0,10.0,0.0,3.5,3.6,237.0,20.0,100.0,-54.0
2026-06-25T00:40:32+02:00,0.0,0.0,77.0,85.0,80.0,0.0,47.0,43.0,47.0,0.0,67.0,10.0,0.0,3.5,3.6,237.0,20.0,100.0,-54.0
2026-06-25T00:42:21+02:00,0.0,0.0,77.0,85.0,80.0,0.0,47.0,43.0,47.0,0.0,67.0,10.0,0.0,3.5,3.6,237.0,20.0,100.0,-54.0
2026-06-25T00:44:19+02:00,0.0,0.0,77.0,85.0,80.0,0.0,47.0,43.0,47.0,0.0,67.0,10.0,0.0,3.5,3.6,237.0,20.0,100.0,-54.0
2026-06-25T00:46:22+02:00,0.0,0.0,18.0,84.0,22.0,0.0,47.0,43.0,47.0,0.0,8.0,10.0,0.0,3.5,3.6,237.0,20.0,100.0,-54.0
2026-06-25T00:48:22+02:00,0.0,0.0,18.0,84.0,22.0,0.0,47.0,43.0,47.0,0.0,8.0,10.0,0.0,3.5,3.6,237.0,20.0,100.0,-54.0
2026-06-25T00:50:32+02:00,0.0,0.0,18.0,84.0,22.0,0.0,47.0,43.0,47.0,0.0,8.0,10.0,0.0,3.5,3.6,237.0,20.0,100.0,-54.0
2026-06-25T00:52:22+02:00,0.0,0.0,18.0,84.0,22.0,0.0,47.0,43.0,47.0,0.0,8.0,10.0,0.0,3.5,3.6,237.0,20.0,100.0,-54.0
2026-06-25T00:54:23+02:00,0.0,0.0,18.0,84.0,22.0,0.0,47.0,43.0,47.0,0.0,8.0,10.0,0.0,3.5,3.6,237.0,20.0,100.0,-54.0
2026-06-25T00:56:23+02:00,0.0,0.0,18.0,84.0,22.0,0.0,47.0,43.0,47.0,0.0,8.0,10.0,0.0,3.5,3.6,237.0,20.0,100.0,-54.0
2026-06-25T00:58:18+02:00,0.0,0.0,18.0,84.0,22.0,0.0,47.0,43.0,47.0,0.0,8.0,10.0,0.0,3.5,3.6,237.0,20.0,100.0,-54.0
2026-06-25T01:00:45+02:00,0.0,0.0,18.0,84.0,22.0,0.0,47.0,43.0,47.0,0.0,8.0,10.0,0.0,3.5,3.6,237.0,20.0,100.0,-54.0
2026-06-25T01:02:20+02:00,0.0,0.0,18.0,83.0,22.0,0.0,46.0,43.0,46.0,0.0,8.0,10.0,0.0,3.5,3.6,237.0,20.0,100.0,-54.0
2026-06-25T01:04:21+02:00,0.0,0.0,18.0,83.0,22.0,0.0,46.0,43.0,46.0,0.0,8.0,10.0,0.0,3.5,3.6,237.0,20.0,100.0,-54.0
2026-06-25T01:06:21+02:00,0.0,0.0,18.0,83.0,22.0,0.0,46.0,43.0,46.0,0.0,8.0,10.0,0.0,3.5,3.6,237.0,20.0,100.0,-54.0
2026-06-25T01:08:22+02:00,0.0,0.0,18.0,83.0,22.0,0.0,46.0,43.0,46.0,0.0,8.0,10.0,0.0,3.5,3.6,237.0,20.0,100.0,-54.0
2026-06-25T01:10:33+02:00,0.0,0.0,18.0,83.0,22.0,0.0,46.0,43.0,46.0,0.0,8.0,10.0,0.0,3.5,3.6,237.0,20.0,100.0,-54.0
2026-06-25T01:12:21+02:00,0.0,0.0,18.0,83.0,22.0,0.0,46.0,43.0,46.0,0.0,8.0,10.0,0.0,3.5,3.6,237.0,20.0,100.0,-54.0
2026-06-25T01:14:21+02:00,0.0,0.0,18.0,83.0,22.0,0.0,46.0,43.0,46.0,0.0,8.0,10.0,0.0,3.5,3.6,237.0,20.0,100.0,-54.0
2026-06-25T01:16:24+02:00,0.0,0.0,81.0,83.0,86.0,0.0,46.0,43.0,46.0,0.0,71.0,10.0,0.0,3.3,3.4,237.4,20.0,100.0,-54.0
2026-06-25T01:18:21+02:00,0.0,0.0,81.0,83.0,86.0,0.0,46.0,43.0,46.0,0.0,71.0,10.0,0.0,3.3,3.4,237.4,20.0,100.0,-54.0
2026-06-25T01:20:29+02:00,0.0,0.0,81.0,83.0,86.0,0.0,46.0,43.0,46.0,0.0,71.0,10.0,0.0,3.3,3.4,237.4,20.0,100.0,-54.0
2026-06-25T01:22:26+02:00,0.0,0.0,81.0,83.0,86.0,0.0,46.0,43.0,46.0,0.0,71.0,10.0,0.0,3.3,3.4,237.4,20.0,100.0,-54.0
2026-06-25T01:24:23+02:00,0.0,0.0,81.0,83.0,86.0,0.0,46.0,43.0,46.0,0.0,71.0,10.0,0.0,3.3,3.4,237.4,20.0,100.0,-54.0
2026-06-25T01:26:22+02:00,0.0,0.0,81.0,83.0,86.0,0.0,46.0,43.0,46.0,0.0,71.0,10.0,0.0,3.3,3.4,237.4,20.0,100.0,-54.0
2026-06-25T01:28:21+02:00,0.0,0.0,81.0,83.0,86.0,0.0,46.0,43.0,46.0,0.0,71.0,10.0,0.0,3.3,3.4,237.4,20.0,100.0,-54.0
2026-06-25T01:30:42+02:00,0.0,0.0,81.0,83.0,86.0,0.0,46.0,43.0,46.0,0.0,71.0,10.0,0.0,3.3,3.4,237.4,20.0,100.0,-54.0
2026-06-25T01:32:25+02:00,0.0,0.0,75.0,81.0,81.0,0.0,47.0,43.0,47.0,0.0,65.0,10.0,0.0,3.3,3.4,238.0,20.0,100.0,-55.0
2026-06-25T01:34:20+02:00,0.0,0.0,75.0,81.0,81.0,0.0,47.0,43.0,47.0,0.0,65.0,10.0,0.0,3.3,3.4,238.0,20.0,100.0,-55.0
2026-06-25T01:36:21+02:00,0.0,0.0,75.0,81.0,81.0,0.0,47.0,43.0,47.0,0.0,65.0,10.0,0.0,3.3,3.4,238.0,20.0,100.0,-55.0
2026-06-25T01:38:21+02:00,0.0,0.0,75.0,81.0,81.0,0.0,47.0,43.0,47.0,0.0,65.0,10.0,0.0,3.3,3.4,238.0,20.0,100.0,-55.0
2026-06-25T01:40:32+02:00,0.0,0.0,75.0,81.0,81.0,0.0,47.0,43.0,47.0,0.0,65.0,10.0,0.0,3.3,3.4,238.0,20.0,100.0,-55.0
2026-06-25T01:42:26+02:00,0.0,0.0,75.0,81.0,81.0,0.0,47.0,43.0,47.0,0.0,65.0,10.0,0.0,3.3,3.4,238.0,20.0,100.0,-55.0
2026-06-25T01:44:20+02:00,0.0,0.0,75.0,81.0,81.0,0.0,47.0,43.0,47.0,0.0,65.0,10.0,0.0,3.3,3.4,238.0,20.0,100.0,-55.0
2026-06-25T01:46:21+02:00,0.0,0.0,75.0,81.0,81.0,0.0,47.0,43.0,47.0,0.0,65.0,10.0,0.0,3.3,3.4,238.0,20.0,100.0,-55.0
2026-06-25T01:48:22+02:00,0.0,0.0,18.0,80.0,23.0,0.0,46.0,43.0,46.0,0.0,8.0,10.0,0.0,3.3,3.4,238.0,20.0,100.0,-54.0
2026-06-25T01:49:17+02:00,0.0,0.0,18.0,80.0,23.0,0.0,46.0,43.0,46.0,0.0,8.0,10.0,0.0,3.3,3.4,238.0,20.0,100.0,-54.0
2026-06-25T01:50:40+02:00,0.0,0.0,18.0,80.0,23.0,0.0,46.0,43.0,46.0,0.0,8.0,10.0,0.0,3.3,3.4,238.0,20.0,100.0,-54.0
2026-06-25T01:52:24+02:00,0.0,0.0,18.0,80.0,23.0,0.0,46.0,43.0,46.0,0.0,8.0,10.0,0.0,3.3,3.4,238.0,20.0,100.0,-54.0
2026-06-25T01:54:21+02:00,0.0,0.0,18.0,80.0,23.0,0.0,46.0,43.0,46.0,0.0,8.0,10.0,0.0,3.3,3.4,238.0,20.0,100.0,-54.0
2026-06-25T01:56:20+02:00,0.0,0.0,18.0,80.0,23.0,0.0,46.0,43.0,46.0,0.0,8.0,10.0,0.0,3.3,3.4,238.0,20.0,100.0,-54.0
2026-06-25T01:58:24+02:00,0.0,0.0,18.0,80.0,23.0,0.0,46.0,43.0,46.0,0.0,8.0,10.0,0.0,3.3,3.4,238.0,20.0,100.0,-54.0
2026-06-25T02:00:52+02:00,0.0,0.0,18.0,80.0,23.0,0.0,46.0,43.0,46.0,0.0,8.0,10.0,0.0,3.3,3.4,238.0,20.0,100.0,-54.0
2026-06-25T02:02:21+02:00,0.0,0.0,18.0,80.0,24.0,0.0,46.0,43.0,46.0,0.0,8.0,10.0,0.0,3.3,3.4,238.0,20.0,100.0,-54.0
2026-06-25T02:04:22+02:00,0.0,0.0,18.0,80.0,24.0,0.0,46.0,43.0,46.0,0.0,8.0,10.0,0.0,3.3,3.4,238.0,20.0,100.0,-54.0
2026-06-25T02:06:20+02:00,0.0,0.0,18.0,80.0,24.0,0.0,46.0,43.0,46.0,0.0,8.0,10.0,0.0,3.3,3.4,238.0,20.0,100.0,-54.0
2026-06-25T02:08:23+02:00,0.0,0.0,18.0,80.0,24.0,0.0,46.0,43.0,46.0,0.0,8.0,10.0,0.0,3.3,3.4,238.0,20.0,100.0,-54.0
2026-06-25T02:10:32+02:00,0.0,0.0,18.0,80.0,24.0,0.0,46.0,43.0,46.0,0.0,8.0,10.0,0.0,3.3,3.4,238.0,20.0,100.0,-54.0
2026-06-25T02:12:23+02:00,0.0,0.0,18.0,80.0,24.0,0.0,46.0,43.0,46.0,0.0,8.0,10.0,0.0,3.3,3.4,238.0,20.0,100.0,-54.0
2026-06-25T02:14:22+02:00,0.0,0.0,18.0,80.0,24.0,0.0,46.0,43.0,46.0,0.0,8.0,10.0,0.0,3.3,3.4,238.0,20.0,100.0,-54.0
2026-06-25T02:16:19+02:00,0.0,0.0,18.0,80.0,24.0,0.0,46.0,43.0,46.0,0.0,8.0,10.0,0.0,3.3,3.4,238.0,20.0,100.0,-54.0
